,Actor,Director,Rating,Title,URL,Year
0,Frank Darabont,"Tim Robbins, Morgan Freeman",9.2,The Shawshank Redemption,https://www.imdb.com/title/tt0111161/?pf_rd_m=A2FGELUUNOQJNL&pf_rd_p=e31d89dd-322d-4646-8962-327b42fe94b1&pf_rd_r=ZV9KZMSV5PCEZS9Y8WK7&pf_rd_s=center-1&pf_rd_t=15506&pf_rd_i=top&ref_=chttp_tt_1,1994
1,Francis Ford Coppola,"Marlon Brando, Al Pacino",9.2,The Godfather,https://www.imdb.com/title/tt0068646/?pf_rd_m=A2FGELUUNOQJNL&pf_rd_p=e31d89dd-322d-4646-8962-327b42fe94b1&pf_rd_r=ZV9KZMSV5PCEZS9Y8WK7&pf_rd_s=center-1&pf_rd_t=15506&pf_rd_i=top&ref_=chttp_tt_2,1994
2,Francis Ford Coppola,"Al Pacino, Robert De Niro",9.0,The Godfather: Part II,https://www.imdb.com/title/tt0071562/?pf_rd_m=A2FGELUUNOQJNL&pf_rd_p=e31d89dd-322d-4646-8962-327b42fe94b1&pf_rd_r=ZV9KZMSV5PCEZS9Y8WK7&pf_rd_s=center-1&pf_rd_t=15506&pf_rd_i=top&ref_=chttp_tt_3,1994
3,Christopher Nolan,"Christian Bale, Heath Ledger",9.0,The Dark Knight,https://www.imdb.com/title/tt0468569/?pf_rd_m=A2FGELUUNOQJNL&pf_rd_p=e31d89dd-322d-4646-8962-327b42fe94b1&pf_rd_r=ZV9KZMSV5PCEZS9Y8WK7&pf_rd_s=center-1&pf_rd_t=15506&pf_rd_i=top&ref_=chttp_tt_4,1994
4,Sidney Lumet,"Henry Fonda, Lee J. Cobb",8.9,12 Angry Men,https://www.imdb.com/title/tt0050083/?pf_rd_m=A2FGELUUNOQJNL&pf_rd_p=e31d89dd-322d-4646-8962-327b42fe94b1&pf_rd_r=ZV9KZMSV5PCEZS9Y8WK7&pf_rd_s=center-1&pf_rd_t=15506&pf_rd_i=top&ref_=chttp_tt_5,1994
5,Steven Spielberg,"Liam Neeson, Ralph Fiennes",8.9,Schindler's List,https://www.imdb.com/title/tt0108052/?pf_rd_m=A2FGELUUNOQJNL&pf_rd_p=e31d89dd-322d-4646-8962-327b42fe94b1&pf_rd_r=ZV9KZMSV5PCEZS9Y8WK7&pf_rd_s=center-1&pf_rd_t=15506&pf_rd_i=top&ref_=chttp_tt_6,1994
6,Peter Jackson,"Elijah Wood, Viggo Mortensen",8.9,The Lord of the Rings: The Return of the King,https://www.imdb.com/title/tt0167260/?pf_rd_m=A2FGELUUNOQJNL&pf_rd_p=e31d89dd-322d-4646-8962-327b42fe94b1&pf_rd_r=ZV9KZMSV5PCEZS9Y8WK7&pf_rd_s=center-1&pf_rd_t=15506&pf_rd_i=top&ref_=chttp_tt_7,1994
7,Quentin Tarantino,"John Travolta, Uma Thurman",8.9,Pulp Fiction,https://www.imdb.com/title/tt0110912/?pf_rd_m=A2FGELUUNOQJNL&pf_rd_p=e31d89dd-322d-4646-8962-327b42fe94b1&pf_rd_r=ZV9KZMSV5PCEZS9Y8WK7&pf_rd_s=center-1&pf_rd_t=15506&pf_rd_i=top&ref_=chttp_tt_8,1994
8,Sergio Leone,"Clint Eastwood, Eli Wallach",8.8,"Il buono, il brutto, il cattivo",https://www.imdb.com/title/tt0060196/?pf_rd_m=A2FGELUUNOQJNL&pf_rd_p=e31d89dd-322d-4646-8962-327b42fe94b1&pf_rd_r=ZV9KZMSV5PCEZS9Y8WK7&pf_rd_s=center-1&pf_rd_t=15506&pf_rd_i=top&ref_=chttp_tt_9,1994
9,David Fincher,"Brad Pitt, Edward Norton",8.8,Fight Club,https://www.imdb.com/title/tt0137523/?pf_rd_m=A2FGELUUNOQJNL&pf_rd_p=e31d89dd-322d-4646-8962-327b42fe94b1&pf_rd_r=ZV9KZMSV5PCEZS9Y8WK7&pf_rd_s=center-1&pf_rd_t=15506&pf_rd_i=top&ref_=chttp_tt_10,1994
10,Peter Jackson,"Elijah Wood, Ian McKellen",8.8,The Lord of the Rings: The Fellowship of the Ring,https://www.imdb.com/title/tt0120737/?pf_rd_m=A2FGELUUNOQJNL&pf_rd_p=e31d89dd-322d-4646-8962-327b42fe94b1&pf_rd_r=ZV9KZMSV5PCEZS9Y8WK7&pf_rd_s=center-1&pf_rd_t=15506&pf_rd_i=top&ref_=chttp_tt_11,1994
11,Robert Zemeckis,"Tom Hanks, Robin Wright",8.7,Forrest Gump,https://www.imdb.com/title/tt0109830/?pf_rd_m=A2FGELUUNOQJNL&pf_rd_p=e31d89dd-322d-4646-8962-327b42fe94b1&pf_rd_r=ZV9KZMSV5PCEZS9Y8WK7&pf_rd_s=center-1&pf_rd_t=15506&pf_rd_i=top&ref_=chttp_tt_12,1994
12,Irvin Kershner,"Mark Hamill, Harrison Ford",8.7,Star Wars: Episode V - The Empire Strikes Back,https://www.imdb.com/title/tt0080684/?pf_rd_m=A2FGELUUNOQJNL&pf_rd_p=e31d89dd-322d-4646-8962-327b42fe94b1&pf_rd_r=ZV9KZMSV5PCEZS9Y8WK7&pf_rd_s=center-1&pf_rd_t=15506&pf_rd_i=top&ref_=chttp_tt_13,1994
13,Christopher Nolan,"Leonardo DiCaprio, Joseph Gordon-Levitt",8.7,Inception,https://www.imdb.com/title/tt1375666/?pf_rd_m=A2FGELUUNOQJNL&pf_rd_p=e31d89dd-322d-4646-8962-327b42fe94b1&pf_rd_r=ZV9KZMSV5PCEZS9Y8WK7&pf_rd_s=center-1&pf_rd_t=15506&pf_rd_i=top&ref_=chttp_tt_14,1994
14,Peter Jackson,"Elijah Wood, Ian McKellen",8.7,The Lord of the Rings: The Two Towers,https://www.imdb.com/title/tt0167261/?pf_rd_m=A2FGELUUNOQJNL&pf_rd_p=e31d89dd-322d-4646-8962-327b42fe94b1&pf_rd_r=ZV9KZMSV5PCEZS9Y8WK7&pf_rd_s=center-1&pf_rd_t=15506&pf_rd_i=top&ref_=chttp_tt_15,1994
15,Milos Forman,"Jack Nicholson, Louise Fletcher",8.7,One Flew Over the Cuckoo's Nest,https://www.imdb.com/title/tt0073486/?pf_rd_m=A2FGELUUNOQJNL&pf_rd_p=e31d89dd-322d-4646-8962-327b42fe94b1&pf_rd_r=ZV9KZMSV5PCEZS9Y8WK7&pf_rd_s=center-1&pf_rd_t=15506&pf_rd_i=top&ref_=chttp_tt_16,1994
16,Martin Scorsese,"Robert De Niro, Ray Liotta",8.7,Goodfellas,https://www.imdb.com/title/tt0099685/?pf_rd_m=A2FGELUUNOQJNL&pf_rd_p=e31d89dd-322d-4646-8962-327b42fe94b1&pf_rd_r=ZV9KZMSV5PCEZS9Y8WK7&pf_rd_s=center-1&pf_rd_t=15506&pf_rd_i=top&ref_=chttp_tt_17,1994
17,Lana Wachowski,"Keanu Reeves, Laurence Fishburne",8.6,The Matrix,https://www.imdb.com/title/tt0133093/?pf_rd_m=A2FGELUUNOQJNL&pf_rd_p=e31d89dd-322d-4646-8962-327b42fe94b1&pf_rd_r=ZV9KZMSV5PCEZS9Y8WK7&pf_rd_s=center-1&pf_rd_t=15506&pf_rd_i=top&ref_=chttp_tt_18,1994
18,Akira Kurosawa,"Toshirô Mifune, Takashi Shimura",8.6,Shichinin no samurai,https://www.imdb.com/title/tt0047478/?pf_rd_m=A2FGELUUNOQJNL&pf_rd_p=e31d89dd-322d-4646-8962-327b42fe94b1&pf_rd_r=ZV9KZMSV5PCEZS9Y8WK7&pf_rd_s=center-1&pf_rd_t=15506&pf_rd_i=top&ref_=chttp_tt_19,1994
19,Anthony Russo,"Robert Downey Jr., Chris Hemsworth",8.6,Avengers: Infinity War,https://www.imdb.com/title/tt4154756/?pf_rd_m=A2FGELUUNOQJNL&pf_rd_p=e31d89dd-322d-4646-8962-327b42fe94b1&pf_rd_r=ZV9KZMSV5PCEZS9Y8WK7&pf_rd_s=center-1&pf_rd_t=15506&pf_rd_i=top&ref_=chttp_tt_20,1994
20,Fernando Meirelles,"Alexandre Rodrigues, Leandro Firmino",8.6,Cidade de Deus,https://www.imdb.com/title/tt0317248/?pf_rd_m=A2FGELUUNOQJNL&pf_rd_p=e31d89dd-322d-4646-8962-327b42fe94b1&pf_rd_r=ZV9KZMSV5PCEZS9Y8WK7&pf_rd_s=center-1&pf_rd_t=15506&pf_rd_i=top&ref_=chttp_tt_21,1994
21,George Lucas,"Mark Hamill, Harrison Ford",8.6,Star Wars,https://www.imdb.com/title/tt0076759/?pf_rd_m=A2FGELUUNOQJNL&pf_rd_p=e31d89dd-322d-4646-8962-327b42fe94b1&pf_rd_r=ZV9KZMSV5PCEZS9Y8WK7&pf_rd_s=center-1&pf_rd_t=15506&pf_rd_i=top&ref_=chttp_tt_22,1994
22,David Fincher,"Morgan Freeman, Brad Pitt",8.6,Se7en,https://www.imdb.com/title/tt0114369/?pf_rd_m=A2FGELUUNOQJNL&pf_rd_p=e31d89dd-322d-4646-8962-327b42fe94b1&pf_rd_r=ZV9KZMSV5PCEZS9Y8WK7&pf_rd_s=center-1&pf_rd_t=15506&pf_rd_i=top&ref_=chttp_tt_23,1994
23,Jonathan Demme,"Jodie Foster, Anthony Hopkins",8.6,The Silence of the Lambs,https://www.imdb.com/title/tt0102926/?pf_rd_m=A2FGELUUNOQJNL&pf_rd_p=e31d89dd-322d-4646-8962-327b42fe94b1&pf_rd_r=ZV9KZMSV5PCEZS9Y8WK7&pf_rd_s=center-1&pf_rd_t=15506&pf_rd_i=top&ref_=chttp_tt_24,1994
24,Frank Capra,"James Stewart, Donna Reed",8.6,It's a Wonderful Life,https://www.imdb.com/title/tt0038650/?pf_rd_m=A2FGELUUNOQJNL&pf_rd_p=e31d89dd-322d-4646-8962-327b42fe94b1&pf_rd_r=ZV9KZMSV5PCEZS9Y8WK7&pf_rd_s=center-1&pf_rd_t=15506&pf_rd_i=top&ref_=chttp_tt_25,1994
25,Roberto Benigni,"Roberto Benigni, Nicoletta Braschi",8.6,La vita è bella,https://www.imdb.com/title/tt0118799/?pf_rd_m=A2FGELUUNOQJNL&pf_rd_p=e31d89dd-322d-4646-8962-327b42fe94b1&pf_rd_r=ZV9KZMSV5PCEZS9Y8WK7&pf_rd_s=center-1&pf_rd_t=15506&pf_rd_i=top&ref_=chttp_tt_26,1994
26,Bryan Singer,"Kevin Spacey, Gabriel Byrne",8.6,The Usual Suspects,https://www.imdb.com/title/tt0114814/?pf_rd_m=A2FGELUUNOQJNL&pf_rd_p=e31d89dd-322d-4646-8962-327b42fe94b1&pf_rd_r=ZV9KZMSV5PCEZS9Y8WK7&pf_rd_s=center-1&pf_rd_t=15506&pf_rd_i=top&ref_=chttp_tt_27,1994
27,Hayao Miyazaki,"Daveigh Chase, Suzanne Pleshette",8.5,Sen to Chihiro no kamikakushi,https://www.imdb.com/title/tt0245429/?pf_rd_m=A2FGELUUNOQJNL&pf_rd_p=e31d89dd-322d-4646-8962-327b42fe94b1&pf_rd_r=ZV9KZMSV5PCEZS9Y8WK7&pf_rd_s=center-1&pf_rd_t=15506&pf_rd_i=top&ref_=chttp_tt_28,1994
28,Steven Spielberg,"Tom Hanks, Matt Damon",8.5,Saving Private Ryan,https://www.imdb.com/title/tt0120815/?pf_rd_m=A2FGELUUNOQJNL&pf_rd_p=e31d89dd-322d-4646-8962-327b42fe94b1&pf_rd_r=ZV9KZMSV5PCEZS9Y8WK7&pf_rd_s=center-1&pf_rd_t=15506&pf_rd_i=top&ref_=chttp_tt_29,1994
29,Luc Besson,"Jean Reno, Gary Oldman",8.5,Léon,https://www.imdb.com/title/tt0110413/?pf_rd_m=A2FGELUUNOQJNL&pf_rd_p=e31d89dd-322d-4646-8962-327b42fe94b1&pf_rd_r=ZV9KZMSV5PCEZS9Y8WK7&pf_rd_s=center-1&pf_rd_t=15506&pf_rd_i=top&ref_=chttp_tt_30,1994
30,Frank Darabont,"Tom Hanks, Michael Clarke Duncan",8.5,The Green Mile,https://www.imdb.com/title/tt0120689/?pf_rd_m=A2FGELUUNOQJNL&pf_rd_p=e31d89dd-322d-4646-8962-327b42fe94b1&pf_rd_r=ZV9KZMSV5PCEZS9Y8WK7&pf_rd_s=center-1&pf_rd_t=15506&pf_rd_i=top&ref_=chttp_tt_31,1994
31,Christopher Nolan,"Matthew McConaughey, Anne Hathaway",8.5,Interstellar,https://www.imdb.com/title/tt0816692/?pf_rd_m=A2FGELUUNOQJNL&pf_rd_p=e31d89dd-322d-4646-8962-327b42fe94b1&pf_rd_r=ZV9KZMSV5PCEZS9Y8WK7&pf_rd_s=center-1&pf_rd_t=15506&pf_rd_i=top&ref_=chttp_tt_32,1994
32,Tony Kaye,"Edward Norton, Edward Furlong",8.5,American History X,https://www.imdb.com/title/tt0120586/?pf_rd_m=A2FGELUUNOQJNL&pf_rd_p=e31d89dd-322d-4646-8962-327b42fe94b1&pf_rd_r=ZV9KZMSV5PCEZS9Y8WK7&pf_rd_s=center-1&pf_rd_t=15506&pf_rd_i=top&ref_=chttp_tt_33,1994
33,Alfred Hitchcock,"Anthony Perkins, Janet Leigh",8.5,Psycho,https://www.imdb.com/title/tt0054215/?pf_rd_m=A2FGELUUNOQJNL&pf_rd_p=e31d89dd-322d-4646-8962-327b42fe94b1&pf_rd_r=ZV9KZMSV5PCEZS9Y8WK7&pf_rd_s=center-1&pf_rd_t=15506&pf_rd_i=top&ref_=chttp_tt_34,1994
34,Sergio Leone,"Henry Fonda, Charles Bronson",8.5,Once Upon a Time in the West,https://www.imdb.com/title/tt0064116/?pf_rd_m=A2FGELUUNOQJNL&pf_rd_p=e31d89dd-322d-4646-8962-327b42fe94b1&pf_rd_r=ZV9KZMSV5PCEZS9Y8WK7&pf_rd_s=center-1&pf_rd_t=15506&pf_rd_i=top&ref_=chttp_tt_35,1994
35,Charles Chaplin,"Charles Chaplin, Virginia Cherrill",8.5,City Lights,https://www.imdb.com/title/tt0021749/?pf_rd_m=A2FGELUUNOQJNL&pf_rd_p=e31d89dd-322d-4646-8962-327b42fe94b1&pf_rd_r=ZV9KZMSV5PCEZS9Y8WK7&pf_rd_s=center-1&pf_rd_t=15506&pf_rd_i=top&ref_=chttp_tt_36,1994
36,Michael Curtiz,"Humphrey Bogart, Ingrid Bergman",8.5,Casablanca,https://www.imdb.com/title/tt0034583/?pf_rd_m=A2FGELUUNOQJNL&pf_rd_p=e31d89dd-322d-4646-8962-327b42fe94b1&pf_rd_r=ZV9KZMSV5PCEZS9Y8WK7&pf_rd_s=center-1&pf_rd_t=15506&pf_rd_i=top&ref_=chttp_tt_37,1994
37,Charles Chaplin,"Charles Chaplin, Paulette Goddard",8.5,Modern Times,https://www.imdb.com/title/tt0027977/?pf_rd_m=A2FGELUUNOQJNL&pf_rd_p=e31d89dd-322d-4646-8962-327b42fe94b1&pf_rd_r=ZV9KZMSV5PCEZS9Y8WK7&pf_rd_s=center-1&pf_rd_t=15506&pf_rd_i=top&ref_=chttp_tt_38,1994
38,Olivier Nakache,"François Cluzet, Omar Sy",8.5,The Intouchables,https://www.imdb.com/title/tt1675434/?pf_rd_m=A2FGELUUNOQJNL&pf_rd_p=e31d89dd-322d-4646-8962-327b42fe94b1&pf_rd_r=ZV9KZMSV5PCEZS9Y8WK7&pf_rd_s=center-1&pf_rd_t=15506&pf_rd_i=top&ref_=chttp_tt_39,1994
39,Roman Polanski,"Adrien Brody, Thomas Kretschmann",8.5,The Pianist,https://www.imdb.com/title/tt0253474/?pf_rd_m=A2FGELUUNOQJNL&pf_rd_p=e31d89dd-322d-4646-8962-327b42fe94b1&pf_rd_r=ZV9KZMSV5PCEZS9Y8WK7&pf_rd_s=center-1&pf_rd_t=15506&pf_rd_i=top&ref_=chttp_tt_40,1994
40,Martin Scorsese,"Leonardo DiCaprio, Matt Damon",8.5,The Departed,https://www.imdb.com/title/tt0407887/?pf_rd_m=A2FGELUUNOQJNL&pf_rd_p=e31d89dd-322d-4646-8962-327b42fe94b1&pf_rd_r=ZV9KZMSV5PCEZS9Y8WK7&pf_rd_s=center-1&pf_rd_t=15506&pf_rd_i=top&ref_=chttp_tt_41,1994
41,James Cameron,"Arnold Schwarzenegger, Linda Hamilton",8.5,Terminator 2: Judgment Day,https://www.imdb.com/title/tt0103064/?pf_rd_m=A2FGELUUNOQJNL&pf_rd_p=e31d89dd-322d-4646-8962-327b42fe94b1&pf_rd_r=ZV9KZMSV5PCEZS9Y8WK7&pf_rd_s=center-1&pf_rd_t=15506&pf_rd_i=top&ref_=chttp_tt_42,1994
42,Robert Zemeckis,"Michael J. Fox, Christopher Lloyd",8.5,Back to the Future,https://www.imdb.com/title/tt0088763/?pf_rd_m=A2FGELUUNOQJNL&pf_rd_p=e31d89dd-322d-4646-8962-327b42fe94b1&pf_rd_r=ZV9KZMSV5PCEZS9Y8WK7&pf_rd_s=center-1&pf_rd_t=15506&pf_rd_i=top&ref_=chttp_tt_43,1994
43,Steven Spielberg,"Harrison Ford, Karen Allen",8.5,Raiders of the Lost Ark,https://www.imdb.com/title/tt0082971/?pf_rd_m=A2FGELUUNOQJNL&pf_rd_p=e31d89dd-322d-4646-8962-327b42fe94b1&pf_rd_r=ZV9KZMSV5PCEZS9Y8WK7&pf_rd_s=center-1&pf_rd_t=15506&pf_rd_i=top&ref_=chttp_tt_44,1994
44,Alfred Hitchcock,"James Stewart, Grace Kelly",8.5,Rear Window,https://www.imdb.com/title/tt0047396/?pf_rd_m=A2FGELUUNOQJNL&pf_rd_p=e31d89dd-322d-4646-8962-327b42fe94b1&pf_rd_r=ZV9KZMSV5PCEZS9Y8WK7&pf_rd_s=center-1&pf_rd_t=15506&pf_rd_i=top&ref_=chttp_tt_45,1994
45,Damien Chazelle,"Miles Teller, J.K. Simmons",8.5,Whiplash,https://www.imdb.com/title/tt2582802/?pf_rd_m=A2FGELUUNOQJNL&pf_rd_p=e31d89dd-322d-4646-8962-327b42fe94b1&pf_rd_r=ZV9KZMSV5PCEZS9Y8WK7&pf_rd_s=center-1&pf_rd_t=15506&pf_rd_i=top&ref_=chttp_tt_46,1994
46,Ridley Scott,"Russell Crowe, Joaquin Phoenix",8.5,Gladiator,https://www.imdb.com/title/tt0172495/?pf_rd_m=A2FGELUUNOQJNL&pf_rd_p=e31d89dd-322d-4646-8962-327b42fe94b1&pf_rd_r=ZV9KZMSV5PCEZS9Y8WK7&pf_rd_s=center-1&pf_rd_t=15506&pf_rd_i=top&ref_=chttp_tt_47,1994
47,Roger Allers,"Matthew Broderick, Jeremy Irons",8.5,The Lion King,https://www.imdb.com/title/tt0110357/?pf_rd_m=A2FGELUUNOQJNL&pf_rd_p=e31d89dd-322d-4646-8962-327b42fe94b1&pf_rd_r=ZV9KZMSV5PCEZS9Y8WK7&pf_rd_s=center-1&pf_rd_t=15506&pf_rd_i=top&ref_=chttp_tt_48,1994
48,Christopher Nolan,"Christian Bale, Hugh Jackman",8.5,The Prestige,https://www.imdb.com/title/tt0482571/?pf_rd_m=A2FGELUUNOQJNL&pf_rd_p=e31d89dd-322d-4646-8962-327b42fe94b1&pf_rd_r=ZV9KZMSV5PCEZS9Y8WK7&pf_rd_s=center-1&pf_rd_t=15506&pf_rd_i=top&ref_=chttp_tt_49,1994
49,Christopher Nolan,"Guy Pearce, Carrie-Anne Moss",8.4,Memento,https://www.imdb.com/title/tt0209144/?pf_rd_m=A2FGELUUNOQJNL&pf_rd_p=e31d89dd-322d-4646-8962-327b42fe94b1&pf_rd_r=ZV9KZMSV5PCEZS9Y8WK7&pf_rd_s=center-1&pf_rd_t=15506&pf_rd_i=top&ref_=chttp_tt_50,1994
50,Francis Ford Coppola,"Martin Sheen, Marlon Brando",8.4,Apocalypse Now,https://www.imdb.com/title/tt0078788/?pf_rd_m=A2FGELUUNOQJNL&pf_rd_p=e31d89dd-322d-4646-8962-327b42fe94b1&pf_rd_r=ZV9KZMSV5PCEZS9Y8WK7&pf_rd_s=center-1&pf_rd_t=15506&pf_rd_i=top&ref_=chttp_tt_51,1994
51,Ridley Scott,"Sigourney Weaver, Tom Skerritt",8.4,Alien,https://www.imdb.com/title/tt0078748/?pf_rd_m=A2FGELUUNOQJNL&pf_rd_p=e31d89dd-322d-4646-8962-327b42fe94b1&pf_rd_r=ZV9KZMSV5PCEZS9Y8WK7&pf_rd_s=center-1&pf_rd_t=15506&pf_rd_i=top&ref_=chttp_tt_52,1994
52,Charles Chaplin,"Charles Chaplin, Paulette Goddard",8.4,The Great Dictator,https://www.imdb.com/title/tt0032553/?pf_rd_m=A2FGELUUNOQJNL&pf_rd_p=e31d89dd-322d-4646-8962-327b42fe94b1&pf_rd_r=ZV9KZMSV5PCEZS9Y8WK7&pf_rd_s=center-1&pf_rd_t=15506&pf_rd_i=top&ref_=chttp_tt_53,1994
53,Giuseppe Tornatore,"Philippe Noiret, Enzo Cannavale",8.4,Nuovo Cinema Paradiso,https://www.imdb.com/title/tt0095765/?pf_rd_m=A2FGELUUNOQJNL&pf_rd_p=e31d89dd-322d-4646-8962-327b42fe94b1&pf_rd_r=ZV9KZMSV5PCEZS9Y8WK7&pf_rd_s=center-1&pf_rd_t=15506&pf_rd_i=top&ref_=chttp_tt_54,1994
54,Billy Wilder,"William Holden, Gloria Swanson",8.4,Sunset Blvd.,https://www.imdb.com/title/tt0043014/?pf_rd_m=A2FGELUUNOQJNL&pf_rd_p=e31d89dd-322d-4646-8962-327b42fe94b1&pf_rd_r=ZV9KZMSV5PCEZS9Y8WK7&pf_rd_s=center-1&pf_rd_t=15506&pf_rd_i=top&ref_=chttp_tt_55,1994
55,Isao Takahata,"Tsutomu Tatsumi, Ayano Shiraishi",8.4,Hotaru no haka,https://www.imdb.com/title/tt0095327/?pf_rd_m=A2FGELUUNOQJNL&pf_rd_p=e31d89dd-322d-4646-8962-327b42fe94b1&pf_rd_r=ZV9KZMSV5PCEZS9Y8WK7&pf_rd_s=center-1&pf_rd_t=15506&pf_rd_i=top&ref_=chttp_tt_56,1994
56,Stanley Kubrick,"Peter Sellers, George C. Scott",8.4,Dr. Strangelove or: How I Learned to Stop Worrying and Love the Bomb,https://www.imdb.com/title/tt0057012/?pf_rd_m=A2FGELUUNOQJNL&pf_rd_p=e31d89dd-322d-4646-8962-327b42fe94b1&pf_rd_r=ZV9KZMSV5PCEZS9Y8WK7&pf_rd_s=center-1&pf_rd_t=15506&pf_rd_i=top&ref_=chttp_tt_57,1994
57,Florian Henckel von Donnersmarck,"Ulrich Mühe, Martina Gedeck",8.4,The Lives of Others,https://www.imdb.com/title/tt0405094/?pf_rd_m=A2FGELUUNOQJNL&pf_rd_p=e31d89dd-322d-4646-8962-327b42fe94b1&pf_rd_r=ZV9KZMSV5PCEZS9Y8WK7&pf_rd_s=center-1&pf_rd_t=15506&pf_rd_i=top&ref_=chttp_tt_58,1994
58,Stanley Kubrick,"Kirk Douglas, Ralph Meeker",8.4,Paths of Glory,https://www.imdb.com/title/tt0050825/?pf_rd_m=A2FGELUUNOQJNL&pf_rd_p=e31d89dd-322d-4646-8962-327b42fe94b1&pf_rd_r=ZV9KZMSV5PCEZS9Y8WK7&pf_rd_s=center-1&pf_rd_t=15506&pf_rd_i=top&ref_=chttp_tt_59,1994
59,Stanley Kubrick,"Jack Nicholson, Shelley Duvall",8.4,The Shining,https://www.imdb.com/title/tt0081505/?pf_rd_m=A2FGELUUNOQJNL&pf_rd_p=e31d89dd-322d-4646-8962-327b42fe94b1&pf_rd_r=ZV9KZMSV5PCEZS9Y8WK7&pf_rd_s=center-1&pf_rd_t=15506&pf_rd_i=top&ref_=chttp_tt_60,1994
60,Quentin Tarantino,"Jamie Foxx, Christoph Waltz",8.4,Django Unchained,https://www.imdb.com/title/tt1853728/?pf_rd_m=A2FGELUUNOQJNL&pf_rd_p=e31d89dd-322d-4646-8962-327b42fe94b1&pf_rd_r=ZV9KZMSV5PCEZS9Y8WK7&pf_rd_s=center-1&pf_rd_t=15506&pf_rd_i=top&ref_=chttp_tt_61,1994
61,Andrew Stanton,"Ben Burtt, Elissa Knight",8.4,WALL·E,https://www.imdb.com/title/tt0910970/?pf_rd_m=A2FGELUUNOQJNL&pf_rd_p=e31d89dd-322d-4646-8962-327b42fe94b1&pf_rd_r=ZV9KZMSV5PCEZS9Y8WK7&pf_rd_s=center-1&pf_rd_t=15506&pf_rd_i=top&ref_=chttp_tt_62,1994
62,Lee Unkrich,"Anthony Gonzalez, Gael García Bernal",8.4,Coco,https://www.imdb.com/title/tt2380307/?pf_rd_m=A2FGELUUNOQJNL&pf_rd_p=e31d89dd-322d-4646-8962-327b42fe94b1&pf_rd_r=ZV9KZMSV5PCEZS9Y8WK7&pf_rd_s=center-1&pf_rd_t=15506&pf_rd_i=top&ref_=chttp_tt_63,1994
63,Hayao Miyazaki,"Yôji Matsuda, Yuriko Ishida",8.4,Mononoke-hime,https://www.imdb.com/title/tt0119698/?pf_rd_m=A2FGELUUNOQJNL&pf_rd_p=e31d89dd-322d-4646-8962-327b42fe94b1&pf_rd_r=ZV9KZMSV5PCEZS9Y8WK7&pf_rd_s=center-1&pf_rd_t=15506&pf_rd_i=top&ref_=chttp_tt_64,1994
64,Sam Mendes,"Kevin Spacey, Annette Bening",8.4,American Beauty,https://www.imdb.com/title/tt0169547/?pf_rd_m=A2FGELUUNOQJNL&pf_rd_p=e31d89dd-322d-4646-8962-327b42fe94b1&pf_rd_r=ZV9KZMSV5PCEZS9Y8WK7&pf_rd_s=center-1&pf_rd_t=15506&pf_rd_i=top&ref_=chttp_tt_65,1994
65,Christopher Nolan,"Christian Bale, Tom Hardy",8.4,The Dark Knight Rises,https://www.imdb.com/title/tt1345836/?pf_rd_m=A2FGELUUNOQJNL&pf_rd_p=e31d89dd-322d-4646-8962-327b42fe94b1&pf_rd_r=ZV9KZMSV5PCEZS9Y8WK7&pf_rd_s=center-1&pf_rd_t=15506&pf_rd_i=top&ref_=chttp_tt_66,1994
66,Billy Wilder,"Tyrone Power, Marlene Dietrich",8.4,Witness for the Prosecution,https://www.imdb.com/title/tt0051201/?pf_rd_m=A2FGELUUNOQJNL&pf_rd_p=e31d89dd-322d-4646-8962-327b42fe94b1&pf_rd_r=ZV9KZMSV5PCEZS9Y8WK7&pf_rd_s=center-1&pf_rd_t=15506&pf_rd_i=top&ref_=chttp_tt_67,1994
67,Chan-wook Park,"Min-sik Choi, Ji-tae Yu",8.4,Oldeuboi,https://www.imdb.com/title/tt0364569/?pf_rd_m=A2FGELUUNOQJNL&pf_rd_p=e31d89dd-322d-4646-8962-327b42fe94b1&pf_rd_r=ZV9KZMSV5PCEZS9Y8WK7&pf_rd_s=center-1&pf_rd_t=15506&pf_rd_i=top&ref_=chttp_tt_68,1994
68,James Cameron,"Sigourney Weaver, Michael Biehn",8.4,Aliens,https://www.imdb.com/title/tt0090605/?pf_rd_m=A2FGELUUNOQJNL&pf_rd_p=e31d89dd-322d-4646-8962-327b42fe94b1&pf_rd_r=ZV9KZMSV5PCEZS9Y8WK7&pf_rd_s=center-1&pf_rd_t=15506&pf_rd_i=top&ref_=chttp_tt_69,1994
69,Sergio Leone,"Robert De Niro, James Woods",8.3,Once Upon a Time in America,https://www.imdb.com/title/tt0087843/?pf_rd_m=A2FGELUUNOQJNL&pf_rd_p=e31d89dd-322d-4646-8962-327b42fe94b1&pf_rd_r=ZV9KZMSV5PCEZS9Y8WK7&pf_rd_s=center-1&pf_rd_t=15506&pf_rd_i=top&ref_=chttp_tt_70,1994
70,Wolfgang Petersen,"Jürgen Prochnow, Herbert Grönemeyer",8.3,Das Boot,https://www.imdb.com/title/tt0082096/?pf_rd_m=A2FGELUUNOQJNL&pf_rd_p=e31d89dd-322d-4646-8962-327b42fe94b1&pf_rd_r=ZV9KZMSV5PCEZS9Y8WK7&pf_rd_s=center-1&pf_rd_t=15506&pf_rd_i=top&ref_=chttp_tt_71,1994
71,Orson Welles,"Orson Welles, Joseph Cotten",8.3,Citizen Kane,https://www.imdb.com/title/tt0033467/?pf_rd_m=A2FGELUUNOQJNL&pf_rd_p=e31d89dd-322d-4646-8962-327b42fe94b1&pf_rd_r=ZV9KZMSV5PCEZS9Y8WK7&pf_rd_s=center-1&pf_rd_t=15506&pf_rd_i=top&ref_=chttp_tt_72,1994
72,Alfred Hitchcock,"James Stewart, Kim Novak",8.3,Vertigo,https://www.imdb.com/title/tt0052357/?pf_rd_m=A2FGELUUNOQJNL&pf_rd_p=e31d89dd-322d-4646-8962-327b42fe94b1&pf_rd_r=ZV9KZMSV5PCEZS9Y8WK7&pf_rd_s=center-1&pf_rd_t=15506&pf_rd_i=top&ref_=chttp_tt_73,1994
73,Alfred Hitchcock,"Cary Grant, Eva Marie Saint",8.3,North by Northwest,https://www.imdb.com/title/tt0053125/?pf_rd_m=A2FGELUUNOQJNL&pf_rd_p=e31d89dd-322d-4646-8962-327b42fe94b1&pf_rd_r=ZV9KZMSV5PCEZS9Y8WK7&pf_rd_s=center-1&pf_rd_t=15506&pf_rd_i=top&ref_=chttp_tt_74,1994
74,Mel Gibson,"Mel Gibson, Sophie Marceau",8.3,Braveheart,https://www.imdb.com/title/tt0112573/?pf_rd_m=A2FGELUUNOQJNL&pf_rd_p=e31d89dd-322d-4646-8962-327b42fe94b1&pf_rd_r=ZV9KZMSV5PCEZS9Y8WK7&pf_rd_s=center-1&pf_rd_t=15506&pf_rd_i=top&ref_=chttp_tt_75,1994
75,Quentin Tarantino,"Harvey Keitel, Tim Roth",8.3,Reservoir Dogs,https://www.imdb.com/title/tt0105236/?pf_rd_m=A2FGELUUNOQJNL&pf_rd_p=e31d89dd-322d-4646-8962-327b42fe94b1&pf_rd_r=ZV9KZMSV5PCEZS9Y8WK7&pf_rd_s=center-1&pf_rd_t=15506&pf_rd_i=top&ref_=chttp_tt_76,1994
76,Richard Marquand,"Mark Hamill, Harrison Ford",8.3,Star Wars: Episode VI - Return of the Jedi,https://www.imdb.com/title/tt0086190/?pf_rd_m=A2FGELUUNOQJNL&pf_rd_p=e31d89dd-322d-4646-8962-327b42fe94b1&pf_rd_r=ZV9KZMSV5PCEZS9Y8WK7&pf_rd_s=center-1&pf_rd_t=15506&pf_rd_i=top&ref_=chttp_tt_77,1994
77,Makoto Shinkai,"Ryûnosuke Kamiki, Mone Kamishiraishi",8.3,Kimi no na wa.,https://www.imdb.com/title/tt5311514/?pf_rd_m=A2FGELUUNOQJNL&pf_rd_p=e31d89dd-322d-4646-8962-327b42fe94b1&pf_rd_r=ZV9KZMSV5PCEZS9Y8WK7&pf_rd_s=center-1&pf_rd_t=15506&pf_rd_i=top&ref_=chttp_tt_78,1994
78,Fritz Lang,"Peter Lorre, Ellen Widmann",8.3,M - Eine Stadt sucht einen Mörder,https://www.imdb.com/title/tt0022100/?pf_rd_m=A2FGELUUNOQJNL&pf_rd_p=e31d89dd-322d-4646-8962-327b42fe94b1&pf_rd_r=ZV9KZMSV5PCEZS9Y8WK7&pf_rd_s=center-1&pf_rd_t=15506&pf_rd_i=top&ref_=chttp_tt_79,1994
79,Nitesh Tiwari,"Aamir Khan, Sakshi Tanwar",8.3,Dangal,https://www.imdb.com/title/tt5074352/?pf_rd_m=A2FGELUUNOQJNL&pf_rd_p=e31d89dd-322d-4646-8962-327b42fe94b1&pf_rd_r=ZV9KZMSV5PCEZS9Y8WK7&pf_rd_s=center-1&pf_rd_t=15506&pf_rd_i=top&ref_=chttp_tt_80,1994
80,Darren Aronofsky,"Ellen Burstyn, Jared Leto",8.3,Requiem for a Dream,https://www.imdb.com/title/tt0180093/?pf_rd_m=A2FGELUUNOQJNL&pf_rd_p=e31d89dd-322d-4646-8962-327b42fe94b1&pf_rd_r=ZV9KZMSV5PCEZS9Y8WK7&pf_rd_s=center-1&pf_rd_t=15506&pf_rd_i=top&ref_=chttp_tt_81,1994
81,Milos Forman,"F. Murray Abraham, Tom Hulce",8.3,Amadeus,https://www.imdb.com/title/tt0086879/?pf_rd_m=A2FGELUUNOQJNL&pf_rd_p=e31d89dd-322d-4646-8962-327b42fe94b1&pf_rd_r=ZV9KZMSV5PCEZS9Y8WK7&pf_rd_s=center-1&pf_rd_t=15506&pf_rd_i=top&ref_=chttp_tt_82,1994
82,Aamir Khan,"Darsheel Safary, Aamir Khan",8.3,Taare Zameen Par,https://www.imdb.com/title/tt0986264/?pf_rd_m=A2FGELUUNOQJNL&pf_rd_p=e31d89dd-322d-4646-8962-327b42fe94b1&pf_rd_r=ZV9KZMSV5PCEZS9Y8WK7&pf_rd_s=center-1&pf_rd_t=15506&pf_rd_i=top&ref_=chttp_tt_83,1994
83,Jean-Pierre Jeunet,"Audrey Tautou, Mathieu Kassovitz",8.3,Amélie,https://www.imdb.com/title/tt0211915/?pf_rd_m=A2FGELUUNOQJNL&pf_rd_p=e31d89dd-322d-4646-8962-327b42fe94b1&pf_rd_r=ZV9KZMSV5PCEZS9Y8WK7&pf_rd_s=center-1&pf_rd_t=15506&pf_rd_i=top&ref_=chttp_tt_84,1994
84,Stanley Kubrick,"Malcolm McDowell, Patrick Magee",8.3,A Clockwork Orange,https://www.imdb.com/title/tt0066921/?pf_rd_m=A2FGELUUNOQJNL&pf_rd_p=e31d89dd-322d-4646-8962-327b42fe94b1&pf_rd_r=ZV9KZMSV5PCEZS9Y8WK7&pf_rd_s=center-1&pf_rd_t=15506&pf_rd_i=top&ref_=chttp_tt_85,1994
85,David Lean,"Peter O'Toole, Alec Guinness",8.3,Lawrence of Arabia,https://www.imdb.com/title/tt0056172/?pf_rd_m=A2FGELUUNOQJNL&pf_rd_p=e31d89dd-322d-4646-8962-327b42fe94b1&pf_rd_r=ZV9KZMSV5PCEZS9Y8WK7&pf_rd_s=center-1&pf_rd_t=15506&pf_rd_i=top&ref_=chttp_tt_86,1994
86,Michel Gondry,"Jim Carrey, Kate Winslet",8.3,Eternal Sunshine of the Spotless Mind,https://www.imdb.com/title/tt0338013/?pf_rd_m=A2FGELUUNOQJNL&pf_rd_p=e31d89dd-322d-4646-8962-327b42fe94b1&pf_rd_r=ZV9KZMSV5PCEZS9Y8WK7&pf_rd_s=center-1&pf_rd_t=15506&pf_rd_i=top&ref_=chttp_tt_87,1994
87,Billy Wilder,"Fred MacMurray, Barbara Stanwyck",8.3,Double Indemnity,https://www.imdb.com/title/tt0036775/?pf_rd_m=A2FGELUUNOQJNL&pf_rd_p=e31d89dd-322d-4646-8962-327b42fe94b1&pf_rd_r=ZV9KZMSV5PCEZS9Y8WK7&pf_rd_s=center-1&pf_rd_t=15506&pf_rd_i=top&ref_=chttp_tt_88,1994
88,Martin Scorsese,"Robert De Niro, Jodie Foster",8.3,Taxi Driver,https://www.imdb.com/title/tt0075314/?pf_rd_m=A2FGELUUNOQJNL&pf_rd_p=e31d89dd-322d-4646-8962-327b42fe94b1&pf_rd_r=ZV9KZMSV5PCEZS9Y8WK7&pf_rd_s=center-1&pf_rd_t=15506&pf_rd_i=top&ref_=chttp_tt_89,1994
89,Stanley Kubrick,"Keir Dullea, Gary Lockwood",8.3,2001: A Space Odyssey,https://www.imdb.com/title/tt0062622/?pf_rd_m=A2FGELUUNOQJNL&pf_rd_p=e31d89dd-322d-4646-8962-327b42fe94b1&pf_rd_r=ZV9KZMSV5PCEZS9Y8WK7&pf_rd_s=center-1&pf_rd_t=15506&pf_rd_i=top&ref_=chttp_tt_90,1994
90,Rajkumar Hirani,"Aamir Khan, Madhavan",8.3,3 Idiots,https://www.imdb.com/title/tt1187043/?pf_rd_m=A2FGELUUNOQJNL&pf_rd_p=e31d89dd-322d-4646-8962-327b42fe94b1&pf_rd_r=ZV9KZMSV5PCEZS9Y8WK7&pf_rd_s=center-1&pf_rd_t=15506&pf_rd_i=top&ref_=chttp_tt_91,1994
91,Stanley Donen,"Gene Kelly, Donald O'Connor",8.3,Singin' in the Rain,https://www.imdb.com/title/tt0045152/?pf_rd_m=A2FGELUUNOQJNL&pf_rd_p=e31d89dd-322d-4646-8962-327b42fe94b1&pf_rd_r=ZV9KZMSV5PCEZS9Y8WK7&pf_rd_s=center-1&pf_rd_t=15506&pf_rd_i=top&ref_=chttp_tt_92,1994
92,John Lasseter,"Tom Hanks, Tim Allen",8.3,Toy Story,https://www.imdb.com/title/tt0114709/?pf_rd_m=A2FGELUUNOQJNL&pf_rd_p=e31d89dd-322d-4646-8962-327b42fe94b1&pf_rd_r=ZV9KZMSV5PCEZS9Y8WK7&pf_rd_s=center-1&pf_rd_t=15506&pf_rd_i=top&ref_=chttp_tt_93,1994
93,Stanley Kubrick,"Matthew Modine, R. Lee Ermey",8.3,Full Metal Jacket,https://www.imdb.com/title/tt0093058/?pf_rd_m=A2FGELUUNOQJNL&pf_rd_p=e31d89dd-322d-4646-8962-327b42fe94b1&pf_rd_r=ZV9KZMSV5PCEZS9Y8WK7&pf_rd_s=center-1&pf_rd_t=15506&pf_rd_i=top&ref_=chttp_tt_94,1994
94,Robert Mulligan,"Gregory Peck, John Megna",8.3,To Kill a Mockingbird,https://www.imdb.com/title/tt0056592/?pf_rd_m=A2FGELUUNOQJNL&pf_rd_p=e31d89dd-322d-4646-8962-327b42fe94b1&pf_rd_r=ZV9KZMSV5PCEZS9Y8WK7&pf_rd_s=center-1&pf_rd_t=15506&pf_rd_i=top&ref_=chttp_tt_95,1994
95,Quentin Tarantino,"Brad Pitt, Diane Kruger",8.3,Inglourious Basterds,https://www.imdb.com/title/tt0361748/?pf_rd_m=A2FGELUUNOQJNL&pf_rd_p=e31d89dd-322d-4646-8962-327b42fe94b1&pf_rd_r=ZV9KZMSV5PCEZS9Y8WK7&pf_rd_s=center-1&pf_rd_t=15506&pf_rd_i=top&ref_=chttp_tt_96,1994
96,Vittorio De Sica,"Lamberto Maggiorani, Enzo Staiola",8.3,Ladri di biciclette,https://www.imdb.com/title/tt0040522/?pf_rd_m=A2FGELUUNOQJNL&pf_rd_p=e31d89dd-322d-4646-8962-327b42fe94b1&pf_rd_r=ZV9KZMSV5PCEZS9Y8WK7&pf_rd_s=center-1&pf_rd_t=15506&pf_rd_i=top&ref_=chttp_tt_97,1994
97,George Roy Hill,"Paul Newman, Robert Redford",8.3,The Sting,https://www.imdb.com/title/tt0070735/?pf_rd_m=A2FGELUUNOQJNL&pf_rd_p=e31d89dd-322d-4646-8962-327b42fe94b1&pf_rd_r=ZV9KZMSV5PCEZS9Y8WK7&pf_rd_s=center-1&pf_rd_t=15506&pf_rd_i=top&ref_=chttp_tt_98,1994
98,Charles Chaplin,"Charles Chaplin, Edna Purviance",8.3,The Kid,https://www.imdb.com/title/tt0012349/?pf_rd_m=A2FGELUUNOQJNL&pf_rd_p=e31d89dd-322d-4646-8962-327b42fe94b1&pf_rd_r=ZV9KZMSV5PCEZS9Y8WK7&pf_rd_s=center-1&pf_rd_t=15506&pf_rd_i=top&ref_=chttp_tt_99,1994
99,Lee Unkrich,"Tom Hanks, Tim Allen",8.3,Toy Story 3,https://www.imdb.com/title/tt0435761/?pf_rd_m=A2FGELUUNOQJNL&pf_rd_p=e31d89dd-322d-4646-8962-327b42fe94b1&pf_rd_r=ZV9KZMSV5PCEZS9Y8WK7&pf_rd_s=center-1&pf_rd_t=15506&pf_rd_i=top&ref_=chttp_tt_100,1994
100,Guy Ritchie,"Jason Statham, Brad Pitt",8.3,Snatch,https://www.imdb.com/title/tt0208092/?pf_rd_m=A2FGELUUNOQJNL&pf_rd_p=e31d89dd-322d-4646-8962-327b42fe94b1&pf_rd_r=ZV9KZMSV5PCEZS9Y8WK7&pf_rd_s=center-1&pf_rd_t=15506&pf_rd_i=top&ref_=chttp_tt_101,1994
101,Gus Van Sant,"Robin Williams, Matt Damon",8.3,Good Will Hunting,https://www.imdb.com/title/tt0119217/?pf_rd_m=A2FGELUUNOQJNL&pf_rd_p=e31d89dd-322d-4646-8962-327b42fe94b1&pf_rd_r=ZV9KZMSV5PCEZS9Y8WK7&pf_rd_s=center-1&pf_rd_t=15506&pf_rd_i=top&ref_=chttp_tt_102,1994
102,Thomas Vinterberg,"Mads Mikkelsen, Thomas Bo Larsen",8.3,Jagten,https://www.imdb.com/title/tt2106476/?pf_rd_m=A2FGELUUNOQJNL&pf_rd_p=e31d89dd-322d-4646-8962-327b42fe94b1&pf_rd_r=ZV9KZMSV5PCEZS9Y8WK7&pf_rd_s=center-1&pf_rd_t=15506&pf_rd_i=top&ref_=chttp_tt_103,1994
103,Terry Gilliam,"Graham Chapman, John Cleese",8.3,Monty Python and the Holy Grail,https://www.imdb.com/title/tt0071853/?pf_rd_m=A2FGELUUNOQJNL&pf_rd_p=e31d89dd-322d-4646-8962-327b42fe94b1&pf_rd_r=ZV9KZMSV5PCEZS9Y8WK7&pf_rd_s=center-1&pf_rd_t=15506&pf_rd_i=top&ref_=chttp_tt_104,1994
104,Sergio Leone,"Clint Eastwood, Lee Van Cleef",8.2,Per qualche dollaro in più,https://www.imdb.com/title/tt0059578/?pf_rd_m=A2FGELUUNOQJNL&pf_rd_p=e31d89dd-322d-4646-8962-327b42fe94b1&pf_rd_r=ZV9KZMSV5PCEZS9Y8WK7&pf_rd_s=center-1&pf_rd_t=15506&pf_rd_i=top&ref_=chttp_tt_105,1994
105,Brian De Palma,"Al Pacino, Michelle Pfeiffer",8.2,Scarface,https://www.imdb.com/title/tt0086250/?pf_rd_m=A2FGELUUNOQJNL&pf_rd_p=e31d89dd-322d-4646-8962-327b42fe94b1&pf_rd_r=ZV9KZMSV5PCEZS9Y8WK7&pf_rd_s=center-1&pf_rd_t=15506&pf_rd_i=top&ref_=chttp_tt_106,1994
106,Curtis Hanson,"Kevin Spacey, Russell Crowe",8.2,L.A. Confidential,https://www.imdb.com/title/tt0119488/?pf_rd_m=A2FGELUUNOQJNL&pf_rd_p=e31d89dd-322d-4646-8962-327b42fe94b1&pf_rd_r=ZV9KZMSV5PCEZS9Y8WK7&pf_rd_s=center-1&pf_rd_t=15506&pf_rd_i=top&ref_=chttp_tt_107,1994
107,Billy Wilder,"Jack Lemmon, Shirley MacLaine",8.2,The Apartment,https://www.imdb.com/title/tt0053604/?pf_rd_m=A2FGELUUNOQJNL&pf_rd_p=e31d89dd-322d-4646-8962-327b42fe94b1&pf_rd_r=ZV9KZMSV5PCEZS9Y8WK7&pf_rd_s=center-1&pf_rd_t=15506&pf_rd_i=top&ref_=chttp_tt_108,1994
108,Fritz Lang,"Brigitte Helm, Alfred Abel",8.2,Metropolis,https://www.imdb.com/title/tt0017136/?pf_rd_m=A2FGELUUNOQJNL&pf_rd_p=e31d89dd-322d-4646-8962-327b42fe94b1&pf_rd_r=ZV9KZMSV5PCEZS9Y8WK7&pf_rd_s=center-1&pf_rd_t=15506&pf_rd_i=top&ref_=chttp_tt_109,1994
109,Asghar Farhadi,"Payman Maadi, Leila Hatami",8.2,Jodaeiye Nader az Simin,https://www.imdb.com/title/tt1832382/?pf_rd_m=A2FGELUUNOQJNL&pf_rd_p=e31d89dd-322d-4646-8962-327b42fe94b1&pf_rd_r=ZV9KZMSV5PCEZS9Y8WK7&pf_rd_s=center-1&pf_rd_t=15506&pf_rd_i=top&ref_=chttp_tt_110,1994
110,Akira Kurosawa,"Toshirô Mifune, Machiko Kyô",8.2,Rashômon,https://www.imdb.com/title/tt0042876/?pf_rd_m=A2FGELUUNOQJNL&pf_rd_p=e31d89dd-322d-4646-8962-327b42fe94b1&pf_rd_r=ZV9KZMSV5PCEZS9Y8WK7&pf_rd_s=center-1&pf_rd_t=15506&pf_rd_i=top&ref_=chttp_tt_111,1994
111,Steven Spielberg,"Harrison Ford, Sean Connery",8.2,Indiana Jones and the Last Crusade,https://www.imdb.com/title/tt0097576/?pf_rd_m=A2FGELUUNOQJNL&pf_rd_p=e31d89dd-322d-4646-8962-327b42fe94b1&pf_rd_r=ZV9KZMSV5PCEZS9Y8WK7&pf_rd_s=center-1&pf_rd_t=15506&pf_rd_i=top&ref_=chttp_tt_112,1994
112,Pete Docter,"Edward Asner, Jordan Nagai",8.2,Up,https://www.imdb.com/title/tt1049413/?pf_rd_m=A2FGELUUNOQJNL&pf_rd_p=e31d89dd-322d-4646-8962-327b42fe94b1&pf_rd_r=ZV9KZMSV5PCEZS9Y8WK7&pf_rd_s=center-1&pf_rd_t=15506&pf_rd_i=top&ref_=chttp_tt_113,1994
113,Akira Kurosawa,"Toshirô Mifune, Eijirô Tôno",8.2,Yôjinbô,https://www.imdb.com/title/tt0055630/?pf_rd_m=A2FGELUUNOQJNL&pf_rd_p=e31d89dd-322d-4646-8962-327b42fe94b1&pf_rd_r=ZV9KZMSV5PCEZS9Y8WK7&pf_rd_s=center-1&pf_rd_t=15506&pf_rd_i=top&ref_=chttp_tt_114,1994
114,Joseph L. Mankiewicz,"Bette Davis, Anne Baxter",8.2,All About Eve,https://www.imdb.com/title/tt0042192/?pf_rd_m=A2FGELUUNOQJNL&pf_rd_p=e31d89dd-322d-4646-8962-327b42fe94b1&pf_rd_r=ZV9KZMSV5PCEZS9Y8WK7&pf_rd_s=center-1&pf_rd_t=15506&pf_rd_i=top&ref_=chttp_tt_115,1994
115,Christopher Nolan,"Christian Bale, Michael Caine",8.2,Batman Begins,https://www.imdb.com/title/tt0372784/?pf_rd_m=A2FGELUUNOQJNL&pf_rd_p=e31d89dd-322d-4646-8962-327b42fe94b1&pf_rd_r=ZV9KZMSV5PCEZS9Y8WK7&pf_rd_s=center-1&pf_rd_t=15506&pf_rd_i=top&ref_=chttp_tt_116,1994
116,Billy Wilder,"Marilyn Monroe, Tony Curtis",8.2,Some Like It Hot,https://www.imdb.com/title/tt0053291/?pf_rd_m=A2FGELUUNOQJNL&pf_rd_p=e31d89dd-322d-4646-8962-327b42fe94b1&pf_rd_r=ZV9KZMSV5PCEZS9Y8WK7&pf_rd_s=center-1&pf_rd_t=15506&pf_rd_i=top&ref_=chttp_tt_117,1994
117,Clint Eastwood,"Clint Eastwood, Gene Hackman",8.2,Unforgiven,https://www.imdb.com/title/tt0105695/?pf_rd_m=A2FGELUUNOQJNL&pf_rd_p=e31d89dd-322d-4646-8962-327b42fe94b1&pf_rd_r=ZV9KZMSV5PCEZS9Y8WK7&pf_rd_s=center-1&pf_rd_t=15506&pf_rd_i=top&ref_=chttp_tt_118,1994
118,John Huston,"Humphrey Bogart, Walter Huston",8.2,The Treasure of the Sierra Madre,https://www.imdb.com/title/tt0040897/?pf_rd_m=A2FGELUUNOQJNL&pf_rd_p=e31d89dd-322d-4646-8962-327b42fe94b1&pf_rd_r=ZV9KZMSV5PCEZS9Y8WK7&pf_rd_s=center-1&pf_rd_t=15506&pf_rd_i=top&ref_=chttp_tt_119,1994
119,Oliver Hirschbiegel,"Bruno Ganz, Alexandra Maria Lara",8.2,Der Untergang,https://www.imdb.com/title/tt0363163/?pf_rd_m=A2FGELUUNOQJNL&pf_rd_p=e31d89dd-322d-4646-8962-327b42fe94b1&pf_rd_r=ZV9KZMSV5PCEZS9Y8WK7&pf_rd_s=center-1&pf_rd_t=15506&pf_rd_i=top&ref_=chttp_tt_120,1994
120,John McTiernan,"Bruce Willis, Alan Rickman",8.2,Die Hard,https://www.imdb.com/title/tt0095016/?pf_rd_m=A2FGELUUNOQJNL&pf_rd_p=e31d89dd-322d-4646-8962-327b42fe94b1&pf_rd_r=ZV9KZMSV5PCEZS9Y8WK7&pf_rd_s=center-1&pf_rd_t=15506&pf_rd_i=top&ref_=chttp_tt_121,1994
121,Michael Mann,"Al Pacino, Robert De Niro",8.2,Heat,https://www.imdb.com/title/tt0113277/?pf_rd_m=A2FGELUUNOQJNL&pf_rd_p=e31d89dd-322d-4646-8962-327b42fe94b1&pf_rd_r=ZV9KZMSV5PCEZS9Y8WK7&pf_rd_s=center-1&pf_rd_t=15506&pf_rd_i=top&ref_=chttp_tt_122,1994
122,Çagan Irmak,"Çetin Tekindor, Fikret Kuskan",8.2,Babam ve Oglum,https://www.imdb.com/title/tt0476735/?pf_rd_m=A2FGELUUNOQJNL&pf_rd_p=e31d89dd-322d-4646-8962-327b42fe94b1&pf_rd_r=ZV9KZMSV5PCEZS9Y8WK7&pf_rd_s=center-1&pf_rd_t=15506&pf_rd_i=top&ref_=chttp_tt_123,1994
123,Martin Scorsese,"Robert De Niro, Cathy Moriarty",8.2,Raging Bull,https://www.imdb.com/title/tt0081398/?pf_rd_m=A2FGELUUNOQJNL&pf_rd_p=e31d89dd-322d-4646-8962-327b42fe94b1&pf_rd_r=ZV9KZMSV5PCEZS9Y8WK7&pf_rd_s=center-1&pf_rd_t=15506&pf_rd_i=top&ref_=chttp_tt_124,1994
124,Akira Kurosawa,"Takashi Shimura, Nobuo Kaneko",8.2,Ikiru,https://www.imdb.com/title/tt0044741/?pf_rd_m=A2FGELUUNOQJNL&pf_rd_p=e31d89dd-322d-4646-8962-327b42fe94b1&pf_rd_r=ZV9KZMSV5PCEZS9Y8WK7&pf_rd_s=center-1&pf_rd_t=15506&pf_rd_i=top&ref_=chttp_tt_125,1994
125,John Sturges,"Steve McQueen, James Garner",8.2,The Great Escape,https://www.imdb.com/title/tt0057115/?pf_rd_m=A2FGELUUNOQJNL&pf_rd_p=e31d89dd-322d-4646-8962-327b42fe94b1&pf_rd_r=ZV9KZMSV5PCEZS9Y8WK7&pf_rd_s=center-1&pf_rd_t=15506&pf_rd_i=top&ref_=chttp_tt_126,1994
126,Carol Reed,"Orson Welles, Joseph Cotten",8.2,The Third Man,https://www.imdb.com/title/tt0041959/?pf_rd_m=A2FGELUUNOQJNL&pf_rd_p=e31d89dd-322d-4646-8962-327b42fe94b1&pf_rd_r=ZV9KZMSV5PCEZS9Y8WK7&pf_rd_s=center-1&pf_rd_t=15506&pf_rd_i=top&ref_=chttp_tt_127,1994
127,Denis Villeneuve,"Lubna Azabal, Mélissa Désormeaux-Poulin",8.2,Incendies,https://www.imdb.com/title/tt1255953/?pf_rd_m=A2FGELUUNOQJNL&pf_rd_p=e31d89dd-322d-4646-8962-327b42fe94b1&pf_rd_r=ZV9KZMSV5PCEZS9Y8WK7&pf_rd_s=center-1&pf_rd_t=15506&pf_rd_i=top&ref_=chttp_tt_128,1994
128,Majid Majidi,"Mohammad Amir Naji, Amir Farrokh Hashemian",8.2,Bacheha-Ye aseman,https://www.imdb.com/title/tt0118849/?pf_rd_m=A2FGELUUNOQJNL&pf_rd_p=e31d89dd-322d-4646-8962-327b42fe94b1&pf_rd_r=ZV9KZMSV5PCEZS9Y8WK7&pf_rd_s=center-1&pf_rd_t=15506&pf_rd_i=top&ref_=chttp_tt_129,1994
129,Guillermo del Toro,"Ivana Baquero, Ariadna Gil",8.2,Pan's Labyrinth,https://www.imdb.com/title/tt0457430/?pf_rd_m=A2FGELUUNOQJNL&pf_rd_p=e31d89dd-322d-4646-8962-327b42fe94b1&pf_rd_r=ZV9KZMSV5PCEZS9Y8WK7&pf_rd_s=center-1&pf_rd_t=15506&pf_rd_i=top&ref_=chttp_tt_130,1994
130,Roman Polanski,"Jack Nicholson, Faye Dunaway",8.2,Chinatown,https://www.imdb.com/title/tt0071315/?pf_rd_m=A2FGELUUNOQJNL&pf_rd_p=e31d89dd-322d-4646-8962-327b42fe94b1&pf_rd_r=ZV9KZMSV5PCEZS9Y8WK7&pf_rd_s=center-1&pf_rd_t=15506&pf_rd_i=top&ref_=chttp_tt_131,1994
131,Hayao Miyazaki,"Hitoshi Takagi, Noriko Hidaka",8.2,Tonari no Totoro,https://www.imdb.com/title/tt0096283/?pf_rd_m=A2FGELUUNOQJNL&pf_rd_p=e31d89dd-322d-4646-8962-327b42fe94b1&pf_rd_r=ZV9KZMSV5PCEZS9Y8WK7&pf_rd_s=center-1&pf_rd_t=15506&pf_rd_i=top&ref_=chttp_tt_132,1994
132,Martin McDonagh,"Frances McDormand, Woody Harrelson",8.2,"Three Billboards Outside Ebbing, Missouri",https://www.imdb.com/title/tt5027774/?pf_rd_m=A2FGELUUNOQJNL&pf_rd_p=e31d89dd-322d-4646-8962-327b42fe94b1&pf_rd_r=ZV9KZMSV5PCEZS9Y8WK7&pf_rd_s=center-1&pf_rd_t=15506&pf_rd_i=top&ref_=chttp_tt_133,1994
133,Stanley Kramer,"Spencer Tracy, Burt Lancaster",8.2,Judgment at Nuremberg,https://www.imdb.com/title/tt0055031/?pf_rd_m=A2FGELUUNOQJNL&pf_rd_p=e31d89dd-322d-4646-8962-327b42fe94b1&pf_rd_r=ZV9KZMSV5PCEZS9Y8WK7&pf_rd_s=center-1&pf_rd_t=15506&pf_rd_i=top&ref_=chttp_tt_134,1994
134,Akira Kurosawa,"Tatsuya Nakadai, Akira Terao",8.2,Ran,https://www.imdb.com/title/tt0089881/?pf_rd_m=A2FGELUUNOQJNL&pf_rd_p=e31d89dd-322d-4646-8962-327b42fe94b1&pf_rd_r=ZV9KZMSV5PCEZS9Y8WK7&pf_rd_s=center-1&pf_rd_t=15506&pf_rd_i=top&ref_=chttp_tt_135,1994
135,Juan José Campanella,"Ricardo Darín, Soledad Villamil",8.2,El secreto de sus ojos,https://www.imdb.com/title/tt1305806/?pf_rd_m=A2FGELUUNOQJNL&pf_rd_p=e31d89dd-322d-4646-8962-327b42fe94b1&pf_rd_r=ZV9KZMSV5PCEZS9Y8WK7&pf_rd_s=center-1&pf_rd_t=15506&pf_rd_i=top&ref_=chttp_tt_136,1994
136,Hayao Miyazaki,"Chieko Baishô, Takuya Kimura",8.2,Hauru no ugoku shiro,https://www.imdb.com/title/tt0347149/?pf_rd_m=A2FGELUUNOQJNL&pf_rd_p=e31d89dd-322d-4646-8962-327b42fe94b1&pf_rd_r=ZV9KZMSV5PCEZS9Y8WK7&pf_rd_s=center-1&pf_rd_t=15506&pf_rd_i=top&ref_=chttp_tt_137,1994
137,Charles Chaplin,"Charles Chaplin, Mack Swain",8.2,The Gold Rush,https://www.imdb.com/title/tt0015864/?pf_rd_m=A2FGELUUNOQJNL&pf_rd_p=e31d89dd-322d-4646-8962-327b42fe94b1&pf_rd_r=ZV9KZMSV5PCEZS9Y8WK7&pf_rd_s=center-1&pf_rd_t=15506&pf_rd_i=top&ref_=chttp_tt_138,1994
138,David Lean,"William Holden, Alec Guinness",8.2,The Bridge on the River Kwai,https://www.imdb.com/title/tt0050212/?pf_rd_m=A2FGELUUNOQJNL&pf_rd_p=e31d89dd-322d-4646-8962-327b42fe94b1&pf_rd_r=ZV9KZMSV5PCEZS9Y8WK7&pf_rd_s=center-1&pf_rd_t=15506&pf_rd_i=top&ref_=chttp_tt_139,1994
139,Elia Kazan,"Marlon Brando, Karl Malden",8.2,On the Waterfront,https://www.imdb.com/title/tt0047296/?pf_rd_m=A2FGELUUNOQJNL&pf_rd_p=e31d89dd-322d-4646-8962-327b42fe94b1&pf_rd_r=ZV9KZMSV5PCEZS9Y8WK7&pf_rd_s=center-1&pf_rd_t=15506&pf_rd_i=top&ref_=chttp_tt_140,1994
140,Guy Ritchie,"Jason Flemyng, Dexter Fletcher",8.2,"Lock, Stock and Two Smoking Barrels",https://www.imdb.com/title/tt0120735/?pf_rd_m=A2FGELUUNOQJNL&pf_rd_p=e31d89dd-322d-4646-8962-327b42fe94b1&pf_rd_r=ZV9KZMSV5PCEZS9Y8WK7&pf_rd_s=center-1&pf_rd_t=15506&pf_rd_i=top&ref_=chttp_tt_141,1994
141,Ron Howard,"Russell Crowe, Ed Harris",8.2,A Beautiful Mind,https://www.imdb.com/title/tt0268978/?pf_rd_m=A2FGELUUNOQJNL&pf_rd_p=e31d89dd-322d-4646-8962-327b42fe94b1&pf_rd_r=ZV9KZMSV5PCEZS9Y8WK7&pf_rd_s=center-1&pf_rd_t=15506&pf_rd_i=top&ref_=chttp_tt_142,1994
142,Ingmar Bergman,"Max von Sydow, Gunnar Björnstrand",8.2,Det sjunde inseglet,https://www.imdb.com/title/tt0050976/?pf_rd_m=A2FGELUUNOQJNL&pf_rd_p=e31d89dd-322d-4646-8962-327b42fe94b1&pf_rd_r=ZV9KZMSV5PCEZS9Y8WK7&pf_rd_s=center-1&pf_rd_t=15506&pf_rd_i=top&ref_=chttp_tt_143,1994
143,Pete Docter,"Amy Poehler, Bill Hader",8.2,Inside Out,https://www.imdb.com/title/tt2096673/?pf_rd_m=A2FGELUUNOQJNL&pf_rd_p=e31d89dd-322d-4646-8962-327b42fe94b1&pf_rd_r=ZV9KZMSV5PCEZS9Y8WK7&pf_rd_s=center-1&pf_rd_t=15506&pf_rd_i=top&ref_=chttp_tt_144,1994
144,Martin Scorsese,"Robert De Niro, Sharon Stone",8.2,Casino,https://www.imdb.com/title/tt0112641/?pf_rd_m=A2FGELUUNOQJNL&pf_rd_p=e31d89dd-322d-4646-8962-327b42fe94b1&pf_rd_r=ZV9KZMSV5PCEZS9Y8WK7&pf_rd_s=center-1&pf_rd_t=15506&pf_rd_i=top&ref_=chttp_tt_145,1994
145,Lenny Abrahamson,"Brie Larson, Jacob Tremblay",8.2,Room,https://www.imdb.com/title/tt3170832/?pf_rd_m=A2FGELUUNOQJNL&pf_rd_p=e31d89dd-322d-4646-8962-327b42fe94b1&pf_rd_r=ZV9KZMSV5PCEZS9Y8WK7&pf_rd_s=center-1&pf_rd_t=15506&pf_rd_i=top&ref_=chttp_tt_146,1994
146,Frank Capra,"James Stewart, Jean Arthur",8.1,Mr. Smith Goes to Washington,https://www.imdb.com/title/tt0031679/?pf_rd_m=A2FGELUUNOQJNL&pf_rd_p=e31d89dd-322d-4646-8962-327b42fe94b1&pf_rd_r=ZV9KZMSV5PCEZS9Y8WK7&pf_rd_s=center-1&pf_rd_t=15506&pf_rd_i=top&ref_=chttp_tt_147,1994
147,David Lynch,"Anthony Hopkins, John Hurt",8.1,The Elephant Man,https://www.imdb.com/title/tt0080678/?pf_rd_m=A2FGELUUNOQJNL&pf_rd_p=e31d89dd-322d-4646-8962-327b42fe94b1&pf_rd_r=ZV9KZMSV5PCEZS9Y8WK7&pf_rd_s=center-1&pf_rd_t=15506&pf_rd_i=top&ref_=chttp_tt_148,1994
148,Martin Scorsese,"Leonardo DiCaprio, Jonah Hill",8.1,The Wolf of Wall Street,https://www.imdb.com/title/tt0993846/?pf_rd_m=A2FGELUUNOQJNL&pf_rd_p=e31d89dd-322d-4646-8962-327b42fe94b1&pf_rd_r=ZV9KZMSV5PCEZS9Y8WK7&pf_rd_s=center-1&pf_rd_t=15506&pf_rd_i=top&ref_=chttp_tt_149,1994
149,James McTeigue,"Hugo Weaving, Natalie Portman",8.1,V for Vendetta,https://www.imdb.com/title/tt0434409/?pf_rd_m=A2FGELUUNOQJNL&pf_rd_p=e31d89dd-322d-4646-8962-327b42fe94b1&pf_rd_r=ZV9KZMSV5PCEZS9Y8WK7&pf_rd_s=center-1&pf_rd_t=15506&pf_rd_i=top&ref_=chttp_tt_150,1994
150,Ridley Scott,"Harrison Ford, Rutger Hauer",8.1,Blade Runner,https://www.imdb.com/title/tt0083658/?pf_rd_m=A2FGELUUNOQJNL&pf_rd_p=e31d89dd-322d-4646-8962-327b42fe94b1&pf_rd_r=ZV9KZMSV5PCEZS9Y8WK7&pf_rd_s=center-1&pf_rd_t=15506&pf_rd_i=top&ref_=chttp_tt_151,1994
151,Gavin O'Connor,"Tom Hardy, Nick Nolte",8.1,Warrior,https://www.imdb.com/title/tt1291584/?pf_rd_m=A2FGELUUNOQJNL&pf_rd_p=e31d89dd-322d-4646-8962-327b42fe94b1&pf_rd_r=ZV9KZMSV5PCEZS9Y8WK7&pf_rd_s=center-1&pf_rd_t=15506&pf_rd_i=top&ref_=chttp_tt_152,1994
152,Ingmar Bergman,"Victor Sjöström, Bibi Andersson",8.1,Smultronstället,https://www.imdb.com/title/tt0050986/?pf_rd_m=A2FGELUUNOQJNL&pf_rd_p=e31d89dd-322d-4646-8962-327b42fe94b1&pf_rd_r=ZV9KZMSV5PCEZS9Y8WK7&pf_rd_s=center-1&pf_rd_t=15506&pf_rd_i=top&ref_=chttp_tt_153,1994
153,Clyde Bruckman,"Buster Keaton, Marion Mack",8.1,The General,https://www.imdb.com/title/tt0017925/?pf_rd_m=A2FGELUUNOQJNL&pf_rd_p=e31d89dd-322d-4646-8962-327b42fe94b1&pf_rd_r=ZV9KZMSV5PCEZS9Y8WK7&pf_rd_s=center-1&pf_rd_t=15506&pf_rd_i=top&ref_=chttp_tt_154,1994
154,Alfred Hitchcock,"Ray Milland, Grace Kelly",8.1,Dial M for Murder,https://www.imdb.com/title/tt0046912/?pf_rd_m=A2FGELUUNOQJNL&pf_rd_p=e31d89dd-322d-4646-8962-327b42fe94b1&pf_rd_r=ZV9KZMSV5PCEZS9Y8WK7&pf_rd_s=center-1&pf_rd_t=15506&pf_rd_i=top&ref_=chttp_tt_155,1994
155,Danny Boyle,"Ewan McGregor, Ewen Bremner",8.1,Trainspotting,https://www.imdb.com/title/tt0117951/?pf_rd_m=A2FGELUUNOQJNL&pf_rd_p=e31d89dd-322d-4646-8962-327b42fe94b1&pf_rd_r=ZV9KZMSV5PCEZS9Y8WK7&pf_rd_s=center-1&pf_rd_t=15506&pf_rd_i=top&ref_=chttp_tt_156,1994
156,Buster Keaton,"Buster Keaton, Kathryn McGuire",8.1,Sherlock Jr.,https://www.imdb.com/title/tt0015324/?pf_rd_m=A2FGELUUNOQJNL&pf_rd_p=e31d89dd-322d-4646-8962-327b42fe94b1&pf_rd_r=ZV9KZMSV5PCEZS9Y8WK7&pf_rd_s=center-1&pf_rd_t=15506&pf_rd_i=top&ref_=chttp_tt_157,1994
157,Victor Fleming,"Clark Gable, Vivien Leigh",8.1,Gone with the Wind,https://www.imdb.com/title/tt0031381/?pf_rd_m=A2FGELUUNOQJNL&pf_rd_p=e31d89dd-322d-4646-8962-327b42fe94b1&pf_rd_r=ZV9KZMSV5PCEZS9Y8WK7&pf_rd_s=center-1&pf_rd_t=15506&pf_rd_i=top&ref_=chttp_tt_158,1994
158,Ethan Coen,"Tommy Lee Jones, Javier Bardem",8.1,No Country for Old Men,https://www.imdb.com/title/tt0477348/?pf_rd_m=A2FGELUUNOQJNL&pf_rd_p=e31d89dd-322d-4646-8962-327b42fe94b1&pf_rd_r=ZV9KZMSV5PCEZS9Y8WK7&pf_rd_s=center-1&pf_rd_t=15506&pf_rd_i=top&ref_=chttp_tt_159,1994
159,M. Night Shyamalan,"Bruce Willis, Haley Joel Osment",8.1,The Sixth Sense,https://www.imdb.com/title/tt0167404/?pf_rd_m=A2FGELUUNOQJNL&pf_rd_p=e31d89dd-322d-4646-8962-327b42fe94b1&pf_rd_r=ZV9KZMSV5PCEZS9Y8WK7&pf_rd_s=center-1&pf_rd_t=15506&pf_rd_i=top&ref_=chttp_tt_160,1994
160,Clint Eastwood,"Clint Eastwood, Bee Vang",8.1,Gran Torino,https://www.imdb.com/title/tt1205489/?pf_rd_m=A2FGELUUNOQJNL&pf_rd_p=e31d89dd-322d-4646-8962-327b42fe94b1&pf_rd_r=ZV9KZMSV5PCEZS9Y8WK7&pf_rd_s=center-1&pf_rd_t=15506&pf_rd_i=top&ref_=chttp_tt_161,1994
161,Paul Thomas Anderson,"Daniel Day-Lewis, Paul Dano",8.1,There Will Be Blood,https://www.imdb.com/title/tt0469494/?pf_rd_m=A2FGELUUNOQJNL&pf_rd_p=e31d89dd-322d-4646-8962-327b42fe94b1&pf_rd_r=ZV9KZMSV5PCEZS9Y8WK7&pf_rd_s=center-1&pf_rd_t=15506&pf_rd_i=top&ref_=chttp_tt_162,1994
162,Joel Coen,"William H. Macy, Frances McDormand",8.1,Fargo,https://www.imdb.com/title/tt0116282/?pf_rd_m=A2FGELUUNOQJNL&pf_rd_p=e31d89dd-322d-4646-8962-327b42fe94b1&pf_rd_r=ZV9KZMSV5PCEZS9Y8WK7&pf_rd_s=center-1&pf_rd_t=15506&pf_rd_i=top&ref_=chttp_tt_163,1994
163,Michael Cimino,"Robert De Niro, Christopher Walken",8.1,The Deer Hunter,https://www.imdb.com/title/tt0077416/?pf_rd_m=A2FGELUUNOQJNL&pf_rd_p=e31d89dd-322d-4646-8962-327b42fe94b1&pf_rd_r=ZV9KZMSV5PCEZS9Y8WK7&pf_rd_s=center-1&pf_rd_t=15506&pf_rd_i=top&ref_=chttp_tt_164,1994
164,John Carpenter,"Kurt Russell, Wilford Brimley",8.1,The Thing,https://www.imdb.com/title/tt0084787/?pf_rd_m=A2FGELUUNOQJNL&pf_rd_p=e31d89dd-322d-4646-8962-327b42fe94b1&pf_rd_r=ZV9KZMSV5PCEZS9Y8WK7&pf_rd_s=center-1&pf_rd_t=15506&pf_rd_i=top&ref_=chttp_tt_165,1994
165,Andrew Stanton,"Albert Brooks, Ellen DeGeneres",8.1,Finding Nemo,https://www.imdb.com/title/tt0266543/?pf_rd_m=A2FGELUUNOQJNL&pf_rd_p=e31d89dd-322d-4646-8962-327b42fe94b1&pf_rd_r=ZV9KZMSV5PCEZS9Y8WK7&pf_rd_s=center-1&pf_rd_t=15506&pf_rd_i=top&ref_=chttp_tt_166,1994
166,Joel Coen,"Jeff Bridges, John Goodman",8.1,The Big Lebowski,https://www.imdb.com/title/tt0118715/?pf_rd_m=A2FGELUUNOQJNL&pf_rd_p=e31d89dd-322d-4646-8962-327b42fe94b1&pf_rd_r=ZV9KZMSV5PCEZS9Y8WK7&pf_rd_s=center-1&pf_rd_t=15506&pf_rd_i=top&ref_=chttp_tt_167,1994
167,Elem Klimov,"Aleksey Kravchenko, Olga Mironova",8.1,Idi i smotri,https://www.imdb.com/title/tt0091251/?pf_rd_m=A2FGELUUNOQJNL&pf_rd_p=e31d89dd-322d-4646-8962-327b42fe94b1&pf_rd_r=ZV9KZMSV5PCEZS9Y8WK7&pf_rd_s=center-1&pf_rd_t=15506&pf_rd_i=top&ref_=chttp_tt_168,1994
168,Quentin Tarantino,"Uma Thurman, David Carradine",8.1,Kill Bill: Vol. 1,https://www.imdb.com/title/tt0266697/?pf_rd_m=A2FGELUUNOQJNL&pf_rd_p=e31d89dd-322d-4646-8962-327b42fe94b1&pf_rd_r=ZV9KZMSV5PCEZS9Y8WK7&pf_rd_s=center-1&pf_rd_t=15506&pf_rd_i=top&ref_=chttp_tt_169,1994
169,Stuart Rosenberg,"Paul Newman, George Kennedy",8.1,Cool Hand Luke,https://www.imdb.com/title/tt0061512/?pf_rd_m=A2FGELUUNOQJNL&pf_rd_p=e31d89dd-322d-4646-8962-327b42fe94b1&pf_rd_r=ZV9KZMSV5PCEZS9Y8WK7&pf_rd_s=center-1&pf_rd_t=15506&pf_rd_i=top&ref_=chttp_tt_170,1994
170,Alfred Hitchcock,"Laurence Olivier, Joan Fontaine",8.1,Rebecca,https://www.imdb.com/title/tt0032976/?pf_rd_m=A2FGELUUNOQJNL&pf_rd_p=e31d89dd-322d-4646-8962-327b42fe94b1&pf_rd_r=ZV9KZMSV5PCEZS9Y8WK7&pf_rd_s=center-1&pf_rd_t=15506&pf_rd_i=top&ref_=chttp_tt_171,1994
171,Martin Scorsese,"Leonardo DiCaprio, Emily Mortimer",8.1,Shutter Island,https://www.imdb.com/title/tt1130884/?pf_rd_m=A2FGELUUNOQJNL&pf_rd_p=e31d89dd-322d-4646-8962-327b42fe94b1&pf_rd_r=ZV9KZMSV5PCEZS9Y8WK7&pf_rd_s=center-1&pf_rd_t=15506&pf_rd_i=top&ref_=chttp_tt_172,1994
172,F.W. Murnau,"George O'Brien, Janet Gaynor",8.1,Sunrise: A Song of Two Humans,https://www.imdb.com/title/tt0018455/?pf_rd_m=A2FGELUUNOQJNL&pf_rd_p=e31d89dd-322d-4646-8962-327b42fe94b1&pf_rd_r=ZV9KZMSV5PCEZS9Y8WK7&pf_rd_s=center-1&pf_rd_t=15506&pf_rd_i=top&ref_=chttp_tt_173,1994
173,Yasujirô Ozu,"Chishû Ryû, Chieko Higashiyama",8.1,Tôkyô monogatari,https://www.imdb.com/title/tt0046438/?pf_rd_m=A2FGELUUNOQJNL&pf_rd_p=e31d89dd-322d-4646-8962-327b42fe94b1&pf_rd_r=ZV9KZMSV5PCEZS9Y8WK7&pf_rd_s=center-1&pf_rd_t=15506&pf_rd_i=top&ref_=chttp_tt_174,1994
174,Mel Gibson,"Andrew Garfield, Sam Worthington",8.1,Hacksaw Ridge,https://www.imdb.com/title/tt2119532/?pf_rd_m=A2FGELUUNOQJNL&pf_rd_p=e31d89dd-322d-4646-8962-327b42fe94b1&pf_rd_r=ZV9KZMSV5PCEZS9Y8WK7&pf_rd_s=center-1&pf_rd_t=15506&pf_rd_i=top&ref_=chttp_tt_175,1994
175,Adam Elliot,"Toni Collette, Philip Seymour Hoffman",8.1,Mary and Max,https://www.imdb.com/title/tt0978762/?pf_rd_m=A2FGELUUNOQJNL&pf_rd_p=e31d89dd-322d-4646-8962-327b42fe94b1&pf_rd_r=ZV9KZMSV5PCEZS9Y8WK7&pf_rd_s=center-1&pf_rd_t=15506&pf_rd_i=top&ref_=chttp_tt_176,1994
176,Dean DeBlois,"Jay Baruchel, Gerard Butler",8.1,How to Train Your Dragon,https://www.imdb.com/title/tt0892769/?pf_rd_m=A2FGELUUNOQJNL&pf_rd_p=e31d89dd-322d-4646-8962-327b42fe94b1&pf_rd_r=ZV9KZMSV5PCEZS9Y8WK7&pf_rd_s=center-1&pf_rd_t=15506&pf_rd_i=top&ref_=chttp_tt_177,1994
177,David Fincher,"Ben Affleck, Rosamund Pike",8.1,Gone Girl,https://www.imdb.com/title/tt2267998/?pf_rd_m=A2FGELUUNOQJNL&pf_rd_p=e31d89dd-322d-4646-8962-327b42fe94b1&pf_rd_r=ZV9KZMSV5PCEZS9Y8WK7&pf_rd_s=center-1&pf_rd_t=15506&pf_rd_i=top&ref_=chttp_tt_178,1994
178,Yavuz Turgul,"Sener Sen, Ugur Yücel",8.1,Eskiya,https://www.imdb.com/title/tt0116231/?pf_rd_m=A2FGELUUNOQJNL&pf_rd_p=e31d89dd-322d-4646-8962-327b42fe94b1&pf_rd_r=ZV9KZMSV5PCEZS9Y8WK7&pf_rd_s=center-1&pf_rd_t=15506&pf_rd_i=top&ref_=chttp_tt_179,1994
179,Damián Szifron,"Darío Grandinetti, María Marull",8.1,Relatos salvajes,https://www.imdb.com/title/tt3011894/?pf_rd_m=A2FGELUUNOQJNL&pf_rd_p=e31d89dd-322d-4646-8962-327b42fe94b1&pf_rd_r=ZV9KZMSV5PCEZS9Y8WK7&pf_rd_s=center-1&pf_rd_t=15506&pf_rd_i=top&ref_=chttp_tt_180,1994
180,Sean Penn,"Emile Hirsch, Vince Vaughn",8.1,Into the Wild,https://www.imdb.com/title/tt0758758/?pf_rd_m=A2FGELUUNOQJNL&pf_rd_p=e31d89dd-322d-4646-8962-327b42fe94b1&pf_rd_r=ZV9KZMSV5PCEZS9Y8WK7&pf_rd_s=center-1&pf_rd_t=15506&pf_rd_i=top&ref_=chttp_tt_181,1994
181,Terry Jones,"Graham Chapman, John Cleese",8.1,Life of Brian,https://www.imdb.com/title/tt0079470/?pf_rd_m=A2FGELUUNOQJNL&pf_rd_p=e31d89dd-322d-4646-8962-327b42fe94b1&pf_rd_r=ZV9KZMSV5PCEZS9Y8WK7&pf_rd_s=center-1&pf_rd_t=15506&pf_rd_i=top&ref_=chttp_tt_182,1994
182,Andrei Tarkovsky,"Anatoliy Solonitsyn, Ivan Lapikov",8.1,Andrei Rublev,https://www.imdb.com/title/tt0060107/?pf_rd_m=A2FGELUUNOQJNL&pf_rd_p=e31d89dd-322d-4646-8962-327b42fe94b1&pf_rd_r=ZV9KZMSV5PCEZS9Y8WK7&pf_rd_s=center-1&pf_rd_t=15506&pf_rd_i=top&ref_=chttp_tt_183,1994
183,Frank Capra,"Clark Gable, Claudette Colbert",8.1,It Happened One Night,https://www.imdb.com/title/tt0025316/?pf_rd_m=A2FGELUUNOQJNL&pf_rd_p=e31d89dd-322d-4646-8962-327b42fe94b1&pf_rd_r=ZV9KZMSV5PCEZS9Y8WK7&pf_rd_s=center-1&pf_rd_t=15506&pf_rd_i=top&ref_=chttp_tt_184,1994
184,Oliver Stone,"Charlie Sheen, Tom Berenger",8.1,Platoon,https://www.imdb.com/title/tt0091763/?pf_rd_m=A2FGELUUNOQJNL&pf_rd_p=e31d89dd-322d-4646-8962-327b42fe94b1&pf_rd_r=ZV9KZMSV5PCEZS9Y8WK7&pf_rd_s=center-1&pf_rd_t=15506&pf_rd_i=top&ref_=chttp_tt_185,1994
185,Jim Sheridan,"Daniel Day-Lewis, Pete Postlethwaite",8.1,In the Name of the Father,https://www.imdb.com/title/tt0107207/?pf_rd_m=A2FGELUUNOQJNL&pf_rd_p=e31d89dd-322d-4646-8962-327b42fe94b1&pf_rd_r=ZV9KZMSV5PCEZS9Y8WK7&pf_rd_s=center-1&pf_rd_t=15506&pf_rd_i=top&ref_=chttp_tt_186,1994
186,Rakeysh Omprakash Mehra,"Aamir Khan, Soha Ali Khan",8.1,Rang De Basanti,https://www.imdb.com/title/tt0405508/?pf_rd_m=A2FGELUUNOQJNL&pf_rd_p=e31d89dd-322d-4646-8962-327b42fe94b1&pf_rd_r=ZV9KZMSV5PCEZS9Y8WK7&pf_rd_s=center-1&pf_rd_t=15506&pf_rd_i=top&ref_=chttp_tt_187,1994
187,Steven Spielberg,"Sam Neill, Laura Dern",8.1,Jurassic Park,https://www.imdb.com/title/tt0107290/?pf_rd_m=A2FGELUUNOQJNL&pf_rd_p=e31d89dd-322d-4646-8962-327b42fe94b1&pf_rd_r=ZV9KZMSV5PCEZS9Y8WK7&pf_rd_s=center-1&pf_rd_t=15506&pf_rd_i=top&ref_=chttp_tt_188,1994
188,Rob Reiner,"Wil Wheaton, River Phoenix",8.1,Stand by Me,https://www.imdb.com/title/tt0092005/?pf_rd_m=A2FGELUUNOQJNL&pf_rd_p=e31d89dd-322d-4646-8962-327b42fe94b1&pf_rd_r=ZV9KZMSV5PCEZS9Y8WK7&pf_rd_s=center-1&pf_rd_t=15506&pf_rd_i=top&ref_=chttp_tt_189,1994
189,Wes Anderson,"Ralph Fiennes, F. Murray Abraham",8.1,The Grand Budapest Hotel,https://www.imdb.com/title/tt2278388/?pf_rd_m=A2FGELUUNOQJNL&pf_rd_p=e31d89dd-322d-4646-8962-327b42fe94b1&pf_rd_r=ZV9KZMSV5PCEZS9Y8WK7&pf_rd_s=center-1&pf_rd_t=15506&pf_rd_i=top&ref_=chttp_tt_190,1994
190,Sidney Lumet,"Faye Dunaway, William Holden",8.1,Network,https://www.imdb.com/title/tt0074958/?pf_rd_m=A2FGELUUNOQJNL&pf_rd_p=e31d89dd-322d-4646-8962-327b42fe94b1&pf_rd_r=ZV9KZMSV5PCEZS9Y8WK7&pf_rd_s=center-1&pf_rd_t=15506&pf_rd_i=top&ref_=chttp_tt_191,1994
191,Terry George,"Don Cheadle, Sophie Okonedo",8.1,Hotel Rwanda,https://www.imdb.com/title/tt0395169/?pf_rd_m=A2FGELUUNOQJNL&pf_rd_p=e31d89dd-322d-4646-8962-327b42fe94b1&pf_rd_r=ZV9KZMSV5PCEZS9Y8WK7&pf_rd_s=center-1&pf_rd_t=15506&pf_rd_i=top&ref_=chttp_tt_192,1994
192,Carl Theodor Dreyer,"Maria Falconetti, Eugene Silvain",8.1,La passion de Jeanne d'Arc,https://www.imdb.com/title/tt0019254/?pf_rd_m=A2FGELUUNOQJNL&pf_rd_p=e31d89dd-322d-4646-8962-327b42fe94b1&pf_rd_r=ZV9KZMSV5PCEZS9Y8WK7&pf_rd_s=center-1&pf_rd_t=15506&pf_rd_i=top&ref_=chttp_tt_193,1994
193,Andrei Tarkovsky,"Alisa Freyndlikh, Aleksandr Kaydanovskiy",8.1,Stalker,https://www.imdb.com/title/tt0079944/?pf_rd_m=A2FGELUUNOQJNL&pf_rd_p=e31d89dd-322d-4646-8962-327b42fe94b1&pf_rd_r=ZV9KZMSV5PCEZS9Y8WK7&pf_rd_s=center-1&pf_rd_t=15506&pf_rd_i=top&ref_=chttp_tt_194,1994
194,William Wyler,"Charlton Heston, Jack Hawkins",8.1,Ben-Hur,https://www.imdb.com/title/tt0052618/?pf_rd_m=A2FGELUUNOQJNL&pf_rd_p=e31d89dd-322d-4646-8962-327b42fe94b1&pf_rd_r=ZV9KZMSV5PCEZS9Y8WK7&pf_rd_s=center-1&pf_rd_t=15506&pf_rd_i=top&ref_=chttp_tt_195,1994
195,Henri-Georges Clouzot,"Yves Montand, Charles Vanel",8.1,Le salaire de la peur,https://www.imdb.com/title/tt0046268/?pf_rd_m=A2FGELUUNOQJNL&pf_rd_p=e31d89dd-322d-4646-8962-327b42fe94b1&pf_rd_r=ZV9KZMSV5PCEZS9Y8WK7&pf_rd_s=center-1&pf_rd_t=15506&pf_rd_i=top&ref_=chttp_tt_196,1994
196,Ingmar Bergman,"Bibi Andersson, Liv Ullmann",8.1,Persona,https://www.imdb.com/title/tt0060827/?pf_rd_m=A2FGELUUNOQJNL&pf_rd_p=e31d89dd-322d-4646-8962-327b42fe94b1&pf_rd_r=ZV9KZMSV5PCEZS9Y8WK7&pf_rd_s=center-1&pf_rd_t=15506&pf_rd_i=top&ref_=chttp_tt_197,1994
197,Peter Weir,"Jim Carrey, Ed Harris",8.1,The Truman Show,https://www.imdb.com/title/tt0120382/?pf_rd_m=A2FGELUUNOQJNL&pf_rd_p=e31d89dd-322d-4646-8962-327b42fe94b1&pf_rd_r=ZV9KZMSV5PCEZS9Y8WK7&pf_rd_s=center-1&pf_rd_t=15506&pf_rd_i=top&ref_=chttp_tt_198,1994
198,Ron Howard,"Daniel Brühl, Chris Hemsworth",8.1,Rush,https://www.imdb.com/title/tt1979320/?pf_rd_m=A2FGELUUNOQJNL&pf_rd_p=e31d89dd-322d-4646-8962-327b42fe94b1&pf_rd_r=ZV9KZMSV5PCEZS9Y8WK7&pf_rd_s=center-1&pf_rd_t=15506&pf_rd_i=top&ref_=chttp_tt_199,1994
199,Joon-ho Bong,"Kang-ho Song, Sang-kyung Kim",8.1,Salinui chueok,https://www.imdb.com/title/tt0353969/?pf_rd_m=A2FGELUUNOQJNL&pf_rd_p=e31d89dd-322d-4646-8962-327b42fe94b1&pf_rd_r=ZV9KZMSV5PCEZS9Y8WK7&pf_rd_s=center-1&pf_rd_t=15506&pf_rd_i=top&ref_=chttp_tt_200,1994
200,Steve McQueen,"Chiwetel Ejiofor, Michael Kenneth Williams",8.1,12 Years a Slave,https://www.imdb.com/title/tt2024544/?pf_rd_m=A2FGELUUNOQJNL&pf_rd_p=e31d89dd-322d-4646-8962-327b42fe94b1&pf_rd_r=ZV9KZMSV5PCEZS9Y8WK7&pf_rd_s=center-1&pf_rd_t=15506&pf_rd_i=top&ref_=chttp_tt_201,1994
201,Clint Eastwood,"Hilary Swank, Clint Eastwood",8.1,Million Dollar Baby,https://www.imdb.com/title/tt0405159/?pf_rd_m=A2FGELUUNOQJNL&pf_rd_p=e31d89dd-322d-4646-8962-327b42fe94b1&pf_rd_r=ZV9KZMSV5PCEZS9Y8WK7&pf_rd_s=center-1&pf_rd_t=15506&pf_rd_i=top&ref_=chttp_tt_202,1994
202,George Miller,"Tom Hardy, Charlize Theron",8.1,Mad Max: Fury Road,https://www.imdb.com/title/tt1392190/?pf_rd_m=A2FGELUUNOQJNL&pf_rd_p=e31d89dd-322d-4646-8962-327b42fe94b1&pf_rd_r=ZV9KZMSV5PCEZS9Y8WK7&pf_rd_s=center-1&pf_rd_t=15506&pf_rd_i=top&ref_=chttp_tt_203,1994
203,François Truffaut,"Jean-Pierre Léaud, Albert Rémy",8.1,Les quatre cents coups,https://www.imdb.com/title/tt0053198/?pf_rd_m=A2FGELUUNOQJNL&pf_rd_p=e31d89dd-322d-4646-8962-327b42fe94b1&pf_rd_r=ZV9KZMSV5PCEZS9Y8WK7&pf_rd_s=center-1&pf_rd_t=15506&pf_rd_i=top&ref_=chttp_tt_204,1994
204,Tom McCarthy,"Mark Ruffalo, Michael Keaton",8.1,Spotlight,https://www.imdb.com/title/tt1895587/?pf_rd_m=A2FGELUUNOQJNL&pf_rd_p=e31d89dd-322d-4646-8962-327b42fe94b1&pf_rd_r=ZV9KZMSV5PCEZS9Y8WK7&pf_rd_s=center-1&pf_rd_t=15506&pf_rd_i=top&ref_=chttp_tt_205,1994
205,James Mangold,"Hugh Jackman, Patrick Stewart",8.1,Logan,https://www.imdb.com/title/tt3315342/?pf_rd_m=A2FGELUUNOQJNL&pf_rd_p=e31d89dd-322d-4646-8962-327b42fe94b1&pf_rd_r=ZV9KZMSV5PCEZS9Y8WK7&pf_rd_s=center-1&pf_rd_t=15506&pf_rd_i=top&ref_=chttp_tt_206,1994
206,Richard Linklater,"Ethan Hawke, Julie Delpy",8.1,Before Sunrise,https://www.imdb.com/title/tt0112471/?pf_rd_m=A2FGELUUNOQJNL&pf_rd_p=e31d89dd-322d-4646-8962-327b42fe94b1&pf_rd_r=ZV9KZMSV5PCEZS9Y8WK7&pf_rd_s=center-1&pf_rd_t=15506&pf_rd_i=top&ref_=chttp_tt_207,1994
207,Denis Villeneuve,"Harrison Ford, Ryan Gosling",8.1,Blade Runner 2049,https://www.imdb.com/title/tt1856101/?pf_rd_m=A2FGELUUNOQJNL&pf_rd_p=e31d89dd-322d-4646-8962-327b42fe94b1&pf_rd_r=ZV9KZMSV5PCEZS9Y8WK7&pf_rd_s=center-1&pf_rd_t=15506&pf_rd_i=top&ref_=chttp_tt_208,1994
208,Alejandro G. Iñárritu,"Emilio Echevarría, Gael García Bernal",8.1,Amores perros,https://www.imdb.com/title/tt0245712/?pf_rd_m=A2FGELUUNOQJNL&pf_rd_p=e31d89dd-322d-4646-8962-327b42fe94b1&pf_rd_r=ZV9KZMSV5PCEZS9Y8WK7&pf_rd_s=center-1&pf_rd_t=15506&pf_rd_i=top&ref_=chttp_tt_209,1994
209,Lasse Hallström,"Richard Gere, Joan Allen",8.1,Hachi: A Dog's Tale,https://www.imdb.com/title/tt1028532/?pf_rd_m=A2FGELUUNOQJNL&pf_rd_p=e31d89dd-322d-4646-8962-327b42fe94b1&pf_rd_r=ZV9KZMSV5PCEZS9Y8WK7&pf_rd_s=center-1&pf_rd_t=15506&pf_rd_i=top&ref_=chttp_tt_210,1994
210,Denis Villeneuve,"Hugh Jackman, Jake Gyllenhaal",8.1,Prisoners,https://www.imdb.com/title/tt1392214/?pf_rd_m=A2FGELUUNOQJNL&pf_rd_p=e31d89dd-322d-4646-8962-327b42fe94b1&pf_rd_r=ZV9KZMSV5PCEZS9Y8WK7&pf_rd_s=center-1&pf_rd_t=15506&pf_rd_i=top&ref_=chttp_tt_211,1994
211,George Roy Hill,"Paul Newman, Robert Redford",8.1,Butch Cassidy and the Sundance Kid,https://www.imdb.com/title/tt0064115/?pf_rd_m=A2FGELUUNOQJNL&pf_rd_p=e31d89dd-322d-4646-8962-327b42fe94b1&pf_rd_r=ZV9KZMSV5PCEZS9Y8WK7&pf_rd_s=center-1&pf_rd_t=15506&pf_rd_i=top&ref_=chttp_tt_212,1994
212,Rob Reiner,"Cary Elwes, Mandy Patinkin",8.1,The Princess Bride,https://www.imdb.com/title/tt0093779/?pf_rd_m=A2FGELUUNOQJNL&pf_rd_p=e31d89dd-322d-4646-8962-327b42fe94b1&pf_rd_r=ZV9KZMSV5PCEZS9Y8WK7&pf_rd_s=center-1&pf_rd_t=15506&pf_rd_i=top&ref_=chttp_tt_213,1994
213,Hayao Miyazaki,"Sumi Shimamoto, Mahito Tsujimura",8.0,Kaze no tani no Naushika,https://www.imdb.com/title/tt0087544/?pf_rd_m=A2FGELUUNOQJNL&pf_rd_p=e31d89dd-322d-4646-8962-327b42fe94b1&pf_rd_r=ZV9KZMSV5PCEZS9Y8WK7&pf_rd_s=center-1&pf_rd_t=15506&pf_rd_i=top&ref_=chttp_tt_214,1994
214,Steven Spielberg,"Leonardo DiCaprio, Tom Hanks",8.0,Catch Me If You Can,https://www.imdb.com/title/tt0264464/?pf_rd_m=A2FGELUUNOQJNL&pf_rd_p=e31d89dd-322d-4646-8962-327b42fe94b1&pf_rd_r=ZV9KZMSV5PCEZS9Y8WK7&pf_rd_s=center-1&pf_rd_t=15506&pf_rd_i=top&ref_=chttp_tt_215,1994
215,David Yates,"Daniel Radcliffe, Emma Watson",8.0,Harry Potter and the Deathly Hallows: Part 2,https://www.imdb.com/title/tt1201607/?pf_rd_m=A2FGELUUNOQJNL&pf_rd_p=e31d89dd-322d-4646-8962-327b42fe94b1&pf_rd_r=ZV9KZMSV5PCEZS9Y8WK7&pf_rd_s=center-1&pf_rd_t=15506&pf_rd_i=top&ref_=chttp_tt_216,1994
216,John G. Avildsen,"Sylvester Stallone, Talia Shire",8.0,Rocky,https://www.imdb.com/title/tt0075148/?pf_rd_m=A2FGELUUNOQJNL&pf_rd_p=e31d89dd-322d-4646-8962-327b42fe94b1&pf_rd_r=ZV9KZMSV5PCEZS9Y8WK7&pf_rd_s=center-1&pf_rd_t=15506&pf_rd_i=top&ref_=chttp_tt_217,1994
217,Damien Chazelle,"Ryan Gosling, Emma Stone",8.0,La La Land,https://www.imdb.com/title/tt3783958/?pf_rd_m=A2FGELUUNOQJNL&pf_rd_p=e31d89dd-322d-4646-8962-327b42fe94b1&pf_rd_r=ZV9KZMSV5PCEZS9Y8WK7&pf_rd_s=center-1&pf_rd_t=15506&pf_rd_i=top&ref_=chttp_tt_218,1994
218,John Huston,"Humphrey Bogart, Mary Astor",8.0,The Maltese Falcon,https://www.imdb.com/title/tt0033870/?pf_rd_m=A2FGELUUNOQJNL&pf_rd_p=e31d89dd-322d-4646-8962-327b42fe94b1&pf_rd_r=ZV9KZMSV5PCEZS9Y8WK7&pf_rd_s=center-1&pf_rd_t=15506&pf_rd_i=top&ref_=chttp_tt_219,1994
219,John Ford,"Henry Fonda, Jane Darwell",8.0,The Grapes of Wrath,https://www.imdb.com/title/tt0032551/?pf_rd_m=A2FGELUUNOQJNL&pf_rd_p=e31d89dd-322d-4646-8962-327b42fe94b1&pf_rd_r=ZV9KZMSV5PCEZS9Y8WK7&pf_rd_s=center-1&pf_rd_t=15506&pf_rd_i=top&ref_=chttp_tt_220,1994
220,Stanley Kubrick,"Ryan O'Neal, Marisa Berenson",8.0,Barry Lyndon,https://www.imdb.com/title/tt0072684/?pf_rd_m=A2FGELUUNOQJNL&pf_rd_p=e31d89dd-322d-4646-8962-327b42fe94b1&pf_rd_r=ZV9KZMSV5PCEZS9Y8WK7&pf_rd_s=center-1&pf_rd_t=15506&pf_rd_i=top&ref_=chttp_tt_221,1994
221,Pete Docter,"Billy Crystal, John Goodman",8.0,"Monsters, Inc.",https://www.imdb.com/title/tt0198781/?pf_rd_m=A2FGELUUNOQJNL&pf_rd_p=e31d89dd-322d-4646-8962-327b42fe94b1&pf_rd_r=ZV9KZMSV5PCEZS9Y8WK7&pf_rd_s=center-1&pf_rd_t=15506&pf_rd_i=top&ref_=chttp_tt_222,1994
222,Federico Fellini,"Giulietta Masina, François Périer",8.0,Le notti di Cabiria,https://www.imdb.com/title/tt0050783/?pf_rd_m=A2FGELUUNOQJNL&pf_rd_p=e31d89dd-322d-4646-8962-327b42fe94b1&pf_rd_r=ZV9KZMSV5PCEZS9Y8WK7&pf_rd_s=center-1&pf_rd_t=15506&pf_rd_i=top&ref_=chttp_tt_223,1994
223,Richard Kelly,"Jake Gyllenhaal, Jena Malone",8.0,Donnie Darko,https://www.imdb.com/title/tt0246578/?pf_rd_m=A2FGELUUNOQJNL&pf_rd_p=e31d89dd-322d-4646-8962-327b42fe94b1&pf_rd_r=ZV9KZMSV5PCEZS9Y8WK7&pf_rd_s=center-1&pf_rd_t=15506&pf_rd_i=top&ref_=chttp_tt_224,1994
224,Neeraj Pandey,"Anupam Kher, Naseeruddin Shah",8.0,A Wednesday,https://www.imdb.com/title/tt1280558/?pf_rd_m=A2FGELUUNOQJNL&pf_rd_p=e31d89dd-322d-4646-8962-327b42fe94b1&pf_rd_r=ZV9KZMSV5PCEZS9Y8WK7&pf_rd_s=center-1&pf_rd_t=15506&pf_rd_i=top&ref_=chttp_tt_225,1994
225,Henri-Georges Clouzot,"Simone Signoret, Véra Clouzot",8.0,Les diaboliques,https://www.imdb.com/title/tt0046911/?pf_rd_m=A2FGELUUNOQJNL&pf_rd_p=e31d89dd-322d-4646-8962-327b42fe94b1&pf_rd_r=ZV9KZMSV5PCEZS9Y8WK7&pf_rd_s=center-1&pf_rd_t=15506&pf_rd_i=top&ref_=chttp_tt_226,1994
226,Richard Attenborough,"Ben Kingsley, John Gielgud",8.0,Gandhi,https://www.imdb.com/title/tt0083987/?pf_rd_m=A2FGELUUNOQJNL&pf_rd_p=e31d89dd-322d-4646-8962-327b42fe94b1&pf_rd_r=ZV9KZMSV5PCEZS9Y8WK7&pf_rd_s=center-1&pf_rd_t=15506&pf_rd_i=top&ref_=chttp_tt_227,1994
227,James Cameron,"Arnold Schwarzenegger, Linda Hamilton",8.0,The Terminator,https://www.imdb.com/title/tt0088247/?pf_rd_m=A2FGELUUNOQJNL&pf_rd_p=e31d89dd-322d-4646-8962-327b42fe94b1&pf_rd_r=ZV9KZMSV5PCEZS9Y8WK7&pf_rd_s=center-1&pf_rd_t=15506&pf_rd_i=top&ref_=chttp_tt_228,1994
228,Peter Bogdanovich,"Ryan O'Neal, Tatum O'Neal",8.0,Paper Moon,https://www.imdb.com/title/tt0070510/?pf_rd_m=A2FGELUUNOQJNL&pf_rd_p=e31d89dd-322d-4646-8962-327b42fe94b1&pf_rd_r=ZV9KZMSV5PCEZS9Y8WK7&pf_rd_s=center-1&pf_rd_t=15506&pf_rd_i=top&ref_=chttp_tt_229,1994
229,Harold Ramis,"Bill Murray, Andie MacDowell",8.0,Groundhog Day,https://www.imdb.com/title/tt0107048/?pf_rd_m=A2FGELUUNOQJNL&pf_rd_p=e31d89dd-322d-4646-8962-327b42fe94b1&pf_rd_r=ZV9KZMSV5PCEZS9Y8WK7&pf_rd_s=center-1&pf_rd_t=15506&pf_rd_i=top&ref_=chttp_tt_230,1994
230,Mathieu Kassovitz,"Vincent Cassel, Hubert Koundé",8.0,La haine,https://www.imdb.com/title/tt0113247/?pf_rd_m=A2FGELUUNOQJNL&pf_rd_p=e31d89dd-322d-4646-8962-327b42fe94b1&pf_rd_r=ZV9KZMSV5PCEZS9Y8WK7&pf_rd_s=center-1&pf_rd_t=15506&pf_rd_i=top&ref_=chttp_tt_231,1994
231,Victor Fleming,"Judy Garland, Frank Morgan",8.0,The Wizard of Oz,https://www.imdb.com/title/tt0032138/?pf_rd_m=A2FGELUUNOQJNL&pf_rd_p=e31d89dd-322d-4646-8962-327b42fe94b1&pf_rd_r=ZV9KZMSV5PCEZS9Y8WK7&pf_rd_s=center-1&pf_rd_t=15506&pf_rd_i=top&ref_=chttp_tt_232,1994
232,Orson Welles,"Charlton Heston, Orson Welles",8.0,Touch of Evil,https://www.imdb.com/title/tt0052311/?pf_rd_m=A2FGELUUNOQJNL&pf_rd_p=e31d89dd-322d-4646-8962-327b42fe94b1&pf_rd_r=ZV9KZMSV5PCEZS9Y8WK7&pf_rd_s=center-1&pf_rd_t=15506&pf_rd_i=top&ref_=chttp_tt_233,1994
233,Peter Weir,"Robin Williams, Robert Sean Leonard",8.0,Dead Poets Society,https://www.imdb.com/title/tt0097165/?pf_rd_m=A2FGELUUNOQJNL&pf_rd_p=e31d89dd-322d-4646-8962-327b42fe94b1&pf_rd_r=ZV9KZMSV5PCEZS9Y8WK7&pf_rd_s=center-1&pf_rd_t=15506&pf_rd_i=top&ref_=chttp_tt_234,1994
234,Steven Spielberg,"Roy Scheider, Robert Shaw",8.0,Jaws,https://www.imdb.com/title/tt0073195/?pf_rd_m=A2FGELUUNOQJNL&pf_rd_p=e31d89dd-322d-4646-8962-327b42fe94b1&pf_rd_r=ZV9KZMSV5PCEZS9Y8WK7&pf_rd_s=center-1&pf_rd_t=15506&pf_rd_i=top&ref_=chttp_tt_235,1994
235,Paul Greengrass,"Matt Damon, Edgar Ramírez",8.0,The Bourne Ultimatum,https://www.imdb.com/title/tt0440963/?pf_rd_m=A2FGELUUNOQJNL&pf_rd_p=e31d89dd-322d-4646-8962-327b42fe94b1&pf_rd_r=ZV9KZMSV5PCEZS9Y8WK7&pf_rd_s=center-1&pf_rd_t=15506&pf_rd_i=top&ref_=chttp_tt_236,1994
236,Tate Taylor,"Emma Stone, Viola Davis",8.0,The Help,https://www.imdb.com/title/tt1454029/?pf_rd_m=A2FGELUUNOQJNL&pf_rd_p=e31d89dd-322d-4646-8962-327b42fe94b1&pf_rd_r=ZV9KZMSV5PCEZS9Y8WK7&pf_rd_s=center-1&pf_rd_t=15506&pf_rd_i=top&ref_=chttp_tt_237,1994
237,Kar-Wai Wong,"Tony Chiu-Wai Leung, Maggie Cheung",8.0,Faa yeung nin wa,https://www.imdb.com/title/tt0118694/?pf_rd_m=A2FGELUUNOQJNL&pf_rd_p=e31d89dd-322d-4646-8962-327b42fe94b1&pf_rd_r=ZV9KZMSV5PCEZS9Y8WK7&pf_rd_s=center-1&pf_rd_t=15506&pf_rd_i=top&ref_=chttp_tt_238,1994
238,Woody Allen,"Woody Allen, Diane Keaton",8.0,Annie Hall,https://www.imdb.com/title/tt0075686/?pf_rd_m=A2FGELUUNOQJNL&pf_rd_p=e31d89dd-322d-4646-8962-327b42fe94b1&pf_rd_r=ZV9KZMSV5PCEZS9Y8WK7&pf_rd_s=center-1&pf_rd_t=15506&pf_rd_i=top&ref_=chttp_tt_239,1994
239,Federico Fellini,"Marcello Mastroianni, Anouk Aimée",8.0,8½,https://www.imdb.com/title/tt0056801/?pf_rd_m=A2FGELUUNOQJNL&pf_rd_p=e31d89dd-322d-4646-8962-327b42fe94b1&pf_rd_r=ZV9KZMSV5PCEZS9Y8WK7&pf_rd_s=center-1&pf_rd_t=15506&pf_rd_i=top&ref_=chttp_tt_240,1994
240,James Gunn,"Chris Pratt, Vin Diesel",8.0,Guardians of the Galaxy,https://www.imdb.com/title/tt2015381/?pf_rd_m=A2FGELUUNOQJNL&pf_rd_p=e31d89dd-322d-4646-8962-327b42fe94b1&pf_rd_r=ZV9KZMSV5PCEZS9Y8WK7&pf_rd_s=center-1&pf_rd_t=15506&pf_rd_i=top&ref_=chttp_tt_241,1994
241,Richard Linklater,"Ethan Hawke, Julie Delpy",8.0,Before Sunset,https://www.imdb.com/title/tt0381681/?pf_rd_m=A2FGELUUNOQJNL&pf_rd_p=e31d89dd-322d-4646-8962-327b42fe94b1&pf_rd_r=ZV9KZMSV5PCEZS9Y8WK7&pf_rd_s=center-1&pf_rd_t=15506&pf_rd_i=top&ref_=chttp_tt_242,1994
242,William Wyler,"Myrna Loy, Dana Andrews",8.0,The Best Years of Our Lives,https://www.imdb.com/title/tt0036868/?pf_rd_m=A2FGELUUNOQJNL&pf_rd_p=e31d89dd-322d-4646-8962-327b42fe94b1&pf_rd_r=ZV9KZMSV5PCEZS9Y8WK7&pf_rd_s=center-1&pf_rd_t=15506&pf_rd_i=top&ref_=chttp_tt_243,1994
243,Wim Wenders,"Harry Dean Stanton, Nastassja Kinski",8.0,"Paris, Texas",https://www.imdb.com/title/tt0087884/?pf_rd_m=A2FGELUUNOQJNL&pf_rd_p=e31d89dd-322d-4646-8962-327b42fe94b1&pf_rd_r=ZV9KZMSV5PCEZS9Y8WK7&pf_rd_s=center-1&pf_rd_t=15506&pf_rd_i=top&ref_=chttp_tt_244,1994
244,Nuri Bilge Ceylan,"Haluk Bilginer, Melisa Sözen",8.0,Kis Uykusu,https://www.imdb.com/title/tt2758880/?pf_rd_m=A2FGELUUNOQJNL&pf_rd_p=e31d89dd-322d-4646-8962-327b42fe94b1&pf_rd_r=ZV9KZMSV5PCEZS9Y8WK7&pf_rd_s=center-1&pf_rd_t=15506&pf_rd_i=top&ref_=chttp_tt_245,1994
245,Gore Verbinski,"Johnny Depp, Geoffrey Rush",8.0,Pirates of the Caribbean: The Curse of the Black Pearl,https://www.imdb.com/title/tt0325980/?pf_rd_m=A2FGELUUNOQJNL&pf_rd_p=e31d89dd-322d-4646-8962-327b42fe94b1&pf_rd_r=ZV9KZMSV5PCEZS9Y8WK7&pf_rd_s=center-1&pf_rd_t=15506&pf_rd_i=top&ref_=chttp_tt_246,1994
246,Chan-wook Park,"Min-hee Kim, Jung-woo Ha",8.0,Ah-ga-ssi,https://www.imdb.com/title/tt4016934/?pf_rd_m=A2FGELUUNOQJNL&pf_rd_p=e31d89dd-322d-4646-8962-327b42fe94b1&pf_rd_r=ZV9KZMSV5PCEZS9Y8WK7&pf_rd_s=center-1&pf_rd_t=15506&pf_rd_i=top&ref_=chttp_tt_247,1994
247,Gillo Pontecorvo,"Brahim Hadjadj, Jean Martin",8.0,La battaglia di Algeri,https://www.imdb.com/title/tt0058946/?pf_rd_m=A2FGELUUNOQJNL&pf_rd_p=e31d89dd-322d-4646-8962-327b42fe94b1&pf_rd_r=ZV9KZMSV5PCEZS9Y8WK7&pf_rd_s=center-1&pf_rd_t=15506&pf_rd_i=top&ref_=chttp_tt_248,1994
248,Terry Gilliam,"Bruce Willis, Madeleine Stowe",8.0,Twelve Monkeys,https://www.imdb.com/title/tt0114746/?pf_rd_m=A2FGELUUNOQJNL&pf_rd_p=e31d89dd-322d-4646-8962-327b42fe94b1&pf_rd_r=ZV9KZMSV5PCEZS9Y8WK7&pf_rd_s=center-1&pf_rd_t=15506&pf_rd_i=top&ref_=chttp_tt_249,1994
249,Gary Trousdale,"Paige O'Hara, Robby Benson",8.0,Beauty and the Beast,https://www.imdb.com/title/tt0101414/?pf_rd_m=A2FGELUUNOQJNL&pf_rd_p=e31d89dd-322d-4646-8962-327b42fe94b1&pf_rd_r=ZV9KZMSV5PCEZS9Y8WK7&pf_rd_s=center-1&pf_rd_t=15506&pf_rd_i=top&ref_=chttp_tt_250,1994
